time,open,high,low,close,Volume,Volume MA
1585252800,6671,6759.5,6664,6744.75,3749625.520375,8167718.209026287
1585256400,6739.25,6771.5,6706.5,6732.25,3491915.52685,8132605.477642538
1585260000,6730.25,6737,6686.75,6720,1546392.448175,7959956.5160175385
1585263600,6713.5,6783,6705,6753.75,5559116.453725,7789745.716406289
1585267200,6753.75,6875,6753.75,6835,21620384.01275,8570880.009678788
1585270800,6836.25,6849,6775.25,6825.5,2675663.8243,8317292.006903788
1585274400,6823,6828.5,6771.75,6804,5403878.612125,7881130.867640039
1585278000,6804,6821.5,6795.75,6813.5,3791373.036425,7639937.139900039
1585281600,6813.5,6849.25,6741.25,6754.75,11999328.106725,7827670.272631289
1585285200,6758,6758.5,6626.5,6666,22677159.824925,8434586.646606289
1585288800,6666,6711.5,6653,6684,4384586.59965,8475784.32202879
1585292400,6684,6744.5,6684,6716,4364247.646,8272318.987535039
1585296000,6714.5,6717,6682,6689,10432277.43415,8049231.058916288
1585299600,6689,6703.5,6654.5,6660.5,5300397.8264,6858751.22902004
1585303200,6660.5,6686,6606.5,6652,9187671.08595,6677155.827045039
1585306800,6652,6707.5,6628.5,6631,6128588.3,6825741.756250039
1585310400,6630.5,6681,6586.5,6643.5,11067626.385675,7087684.014311289
1585314000,6643.5,6654.5,6572,6598.5,13774536.3259,7585414.2800412895
1585317600,6599.5,6636,6584.5,6625.5,2964843.79275,7673141.01643004
1585321200,6623.5,6670,6615,6635,5726330.7723,7792297.17675754
1585324800,6634.5,6683,6591,6650,7828015.98065,7996216.69977129
1585328400,6649.5,6670,6612,6643,7088412.28505,8176041.537681291
1585332000,6644,6668.5,6631,6652.5,2453765.58665,8221410.19460504
1585335600,6652,6706,6645.5,6661.5,15814414.523,8734175.09806879
1585339200,6663.5,6683,6639.5,6680.5,3376094.52845,7821960.623853791
1585342800,6681.5,6708,6663,6682.5,2085663.58635,7792460.611956291
1585346400,6682.5,6684.5,6651,6668.5,1896603.75985,7617096.86934254
1585350000,6668.5,6670,6251,6369,31210215.93265,8988039.01415379
1585353600,6369,6369,6211.5,6315.5,84771891.0645,12626667.16204254
1585357200,6310,6314,6252.5,6279.5,6431466.72685,11814382.50713879
1585360800,6279.5,6288,6236.5,6257,4760482.37175,11833177.29574379
1585364400,6257,6267,6065.5,6118.5,26886425.365525,12959286.18172004
1585368000,6118.5,6205.5,6095,6173,17749729.2987,13325158.77494754
1585371600,6172,6190.5,6146,6166,4005886.40345,13260433.20380004
1585375200,6164.5,6178.5,6125,6169.5,4753769.3486,13038738.11693254
1585378800,6170,6202.5,6170,6194.5,5198045.94605,12992210.999235038
1585382400,6194.5,6291,6177,6270,14676757.4133,13172667.550616289
1585386000,6269.5,6300,6242.5,6262,7078871.09905,12837884.289273787
1585389600,6262,6290,6220.5,6266,10002934.15475,13189788.807373788
1585393200,6266,6333,6224.5,6238.5,17168016.4797,13761873.092743788
1585396800,6238,6262.5,6210,6240.5,5221010.15705,13631522.801563788
1585400400,6240.5,6252,6161,6228,10356805.31035,13794942.45282879
1585404000,6228,6260,6227,6249.5,5250849.0249,13934796.62474129
1585407600,6249.5,6284,6217.5,6222,5430350.40555,13415593.41886879
1585411200,6220,6250.5,6201.5,6239,4311193.68635,13462348.376763787
1585414800,6239,6247.5,6021.5,6025,29350787.57405,14825604.576148788
1585418400,6021.5,6272,6021.5,6167.5,39454824.77645,16703515.626978785
1585422000,6167.5,6240,6167.5,6218.5,10085048.37905,15647257.249298787
1585425600,6219,6305.5,6218.5,6251.5,19846881.0079,12401006.746468786
1585429200,6254.5,6270.5,6164.5,6227.5,6678828.34125,12413374.827188786
1585432800,6227.5,6255.5,6176,6220,5570058.68355,12453853.642778788
1585436400,6220,6280,6188.5,6244,5004066.99445,11359735.724225037
1585440000,6244,6272,6197,6218,9616012.0409,10953049.861335035
1585443600,6218,6238,6195.5,6225,2034259.88145,10854468.535235036
1585447200,6225,6238,6206,6210.5,447870.58515,10639173.597062536
1585450800,6210.5,6225,6187,6215,2442716.56115,10501407.127817538
1585454400,6214,6221.5,6192,6213,1630702.88465,9849104.401385035
1585458000,6213,6213,6151,6154,6850714.6767,9837696.580267537
1585461600,6151,6171.5,6134.5,6156.5,7201628.042,9697631.274630036
1585465200,6156,6175,6118,6157,5038261.8151,9091143.541400038
1585468800,6157,6159.5,6091.5,6136,5476452.47915,9103915.657505037
1585472400,6136,6139.5,6081.5,6089.5,3264399.3909,8749295.361532535
1585476000,6089.5,6220,6089.5,6178.5,12901726.05875,9131839.213225037
1585479600,6178.5,6196,6136,6143,4956750.9472,9108159.240307536
1585483200,6143,6160,6053.5,6132,12457425.3975,9515470.825865038
1585486800,6130.5,6145,6105,6130,3316598.3123,8213761.362777537
1585490400,6130,6158.5,6110.5,6148,6397912.56225,6560915.752067536
1585494000,6148,6151,6117,6133,3863843.78015,6249855.522122536
1585497600,6133,6170.5,6048,6087,17295014.49555,6122262.196505035
1585501200,6087.5,6126.5,6057,6109,6398072.874,6108224.423142536
1585504800,6107.5,6108.5,6060,6066,4897024.2017,6074572.699050035
1585508400,6066,6092.5,5877.5,5903.5,34026208.1287,7525679.755762535
1585512000,5904.5,5965.5,5864,5945,14451897.88225,7767474.047830036
1585515600,5948.5,5948.5,5889.5,5890.5,4856343.4513,7908578.226322536
1585519200,5895,5941,5863,5910.5,5220117.8818,8147190.591155035
1585522800,5910.5,5927,5866.5,5872.5,2199057.1773,8135007.621962535
1585526400,5872,5916,5850,5898,38386029.70959999,9972773.963210035
1585530000,5898,5945.5,5891,5940,2386655.98225,9749571.028487535
1585533600,5940,6025,5939.5,5989,9040289.99605,9841504.126190035
1585537200,5989,6011,5980.5,6008.5,3437979.79065,9761490.024967534
1585540800,6010,6049.5,5995.5,6037,9409103.5952,9958122.580770034
1585544400,6037,6264.5,6037,6209,31239480.094,11356876.615925036
1585548000,6208,6260.5,6180,6227.5,12369662.54895,11330273.440435035
1585551600,6227,6350,6224.5,6249.5,57240752.8527,13944473.535710037
1585555200,6249.5,6306.5,6241,6279,15129850.33185,14078094.782427538
1585558800,6280.5,6292,6245,6256,8227005.2822,14323615.130922535
1585562400,6256,6326,6256,6288,4370370.6987,14222238.037745034
1585566000,6288,6424.5,6279.5,6369,25545134.57175,15306302.577325035
1585569600,6369,6390,6290.5,6319,9491920.52275,14916147.878685037
1585573200,6316,6357,6313,6313.5,4620931.99165,14827290.834567536
1585576800,6313.5,6348,6269,6337,10363701.9058,15100624.719772536
1585580400,6338.5,6468,6326.5,6349.5,18452412.96705,14321934.961690035
1585584000,6349.5,6394,6308.5,6383,14733825.15715,14336031.325435033
1585587600,6383,6385,6335.5,6359,7718719.03105,14479150.104422534
1585591200,6359,6385,6336,6375,5864686.86645,14511378.553655034
1585594800,6373.5,6413,6354,6377.5,13073482.82175,15055099.835877534
1585598400,6377.5,6531,6372.5,6474.5,31519482.8714,14711772.493967537
1585602000,6474.5,6588,6474.5,6544.5,19792357.4094,15582057.565325037
1585605600,6544.5,6627.5,6450,6473.5,14288762.75295,15844481.203170037
1585609200,6470,6497.5,6380,6405,8592184.44455,16102191.435865035
1585612800,6406.5,6478,6392,6445,25067293.88465,16885100.950337537
1585616400,6445,6520.5,6445,6519,4518563.322,15549055.111737538
1585620000,6519,6525,6451.5,6455.5,4177616.13925,15139452.791252535
1585623600,6455.5,6482.5,6413.5,6446.5,6939944.6866,12624412.382947534
1585627200,6446.5,6461,6381,6401.5,11174421.6426,12426640.948485035
1585630800,6401.5,6439,6382,6418.5,5947858.11705,12312683.590227533
1585634400,6418.5,6474,6390.5,6470.5,8085319.3427,12498431.022427533
1585638000,6473.5,6473.5,6429,6447.5,3566380.47195,11399493.317437533
1585641600,6447,6509.5,6447,6496.5,5316999.3744,11190747.260020033
1585645200,6496,6503.5,6430,6444,9892877.59065,11454344.539970031
1585648800,6445,6447,6409,6435.5,8003642.8778,11336341.588570032
1585652400,6437.5,6437.5,6350,6398,10440964.0852,10935769.144477531
1585656000,6398,6473,6331.5,6454,18410078.7679,11119581.82501503
1585659600,6454,6488,6406.5,6425,14610452.45205,11464168.496065032
1585663200,6424,6487,6423,6464,10369898.5982,11689429.08265253
1585666800,6463,6514.5,6427,6460,23675116.1513,12219510.749130031
1585670400,6460,6477,6421,6436,5783392.3003,10932706.22057503
1585674000,6436,6468.5,6407.5,6461.5,8499174.1716,10368047.05868503
1585677600,6461,6498,6454,6472.5,7553330.8305,10031275.462562531
1585681200,6472.5,6482,6429.5,6474.5,17182480.8153,10460790.281100031
1585684800,6475.5,6506,6456.5,6475.5,6894832.8039,9552167.22706253
1585688400,6473,6494,6422.5,6451,4761916.561,9564334.88901253
1585692000,6451,6456,6426.5,6440.5,4951396.40635,9603023.902367529
1585695600,6441,6447.5,6402.5,6417.5,4028215.25,9457437.43053753
1585699200,6417,6434.5,6252.5,6309.5,27726855.4302,10285059.11991753
1585702800,6308.5,6327.5,6285.5,6292.5,4592895.9781,10217311.01297003
1585706400,6294,6325.5,6289.5,6322.5,4462705.55025,10036180.32334753
1585710000,6322.5,6389.5,6317.5,6375,6382323.95455,10176977.49747753
1585713600,6376.5,6384,6338,6345.5,3459379.611,10084096.50930753
1585717200,6345.5,6350,6293.5,6308,7066437.7969,9942774.519620031
1585720800,6308,6325.5,6269.5,6303,10850642.2613,10085124.48879503
1585724400,6304,6347,6288.5,6333,6224204.6991,9874286.51949003
1585728000,6333,6333,6285,6310.5,6304966.32095,9269030.897142531
1585731600,6310.5,6318.5,6263.5,6301.5,11250093.10205,9101012.929642532
1585735200,6301.5,6320,6287,6293,7675547.30795,8966295.365130031
1585738800,6293,6303.5,6268,6294,6837460.1168,8124412.563405031
1585742400,6294,6334,6188.5,6220.5,27979008.28800001,9234193.362790031
1585746000,6220.5,6242,6170,6210,15795716.4373,9599020.476075033
1585749600,6209.5,6266,6199.5,6255.5,10941275.82075,9768417.725587532
1585753200,6255.5,6264,6224.5,6238,10307557.57285,9424671.563465033
1585756800,6238,6238,6155,6191.5,15333844.1489,9846622.130715031
1585760400,6191.5,6225,6167.5,6206,9223562.27875,10069704.416602533
1585764000,6206,6230.5,6193,6197,4279601.9253,10036114.692550033
1585767600,6197,6228,6174,6216,8086741.01355,10239040.980727535
1585771200,6212,6403,6201.5,6349,20375832.61845,9871489.840140034
1585774800,6349,6430.5,6349,6370,10079387.64045,10145814.423257533
1585778400,6368.5,6630,6368.5,6543.5,30378186.65655,11441588.478572534
1585782000,6543.5,6726.5,6519.5,6674.5,25177067.0061,12381325.631150033
1585785600,6670,6779,6602,6644,49092425.2282,14662977.912010035
1585789200,6643,6666.5,6569.5,6588,8756248.8125,14747468.462790037
1585792800,6594,6642.5,6588.5,6627.5,6515205.811,14530696.640275035
1585796400,6628,6640.5,6596.5,6625,5514771.7091,14495224.990775034
1585800000,6625,6651.5,6605.5,6615.5,4862380.96025,14423095.722740036
1585803600,6615.5,6628,6580.5,6623,5135437.85795,14117362.960535035
1585807200,6623,6665,6606,6653.5,6056304.56885,14036400.823580032
1585810800,6653.5,6698,6628,6662,8265723.60865,14107813.998172533
1585814400,6662,6681,6615.5,6665,7439163.51765,13080821.759655032
1585818000,6664.5,6667.5,6637.5,6653.5,3291759.90705,12455623.933142534
1585821600,6653.5,6731.5,6625.5,6659,18159114.95805,12816515.890007535
1585825200,6659,6718.5,6611,6707.5,15849551.77515,13093615.600122536
1585828800,6706.5,6750,6642,6663.5,26589746.8572,13656410.735537538
1585832400,6663.5,6689.5,6633,6651.5,22506232.49775,14320544.246487537
1585836000,6651.5,6843.5,6645,6788,33638481.93355,15788488.246900037
1585839600,6788,6847,6733.5,6821,21549296.5491,16461616.023677537
1585843200,6821,6930,6802,6925.5,30064091.24525,16946028.955017537
1585846800,6925.5,7284,6925.5,7093.5,80019965.206425,20443057.83331629
1585850400,7094,7101,6727.5,6795,48988591.1551,21373578.05824379
1585854000,6792.5,6868,6711,6806,29447928.31485,21587121.123681284
1585857600,6807,6807.5,6647.5,6745.5,22459308.1327,20255465.268906288
1585861200,6744.5,6849,6710.5,6832,7091929.3816,20172249.29736129
1585864800,6831,6870.5,6780,6847.5,6175905.61975,20155284.28779879
1585868400,6847,6848,6731.5,6795,6534237.86495,20206257.595591288
1585872000,6795,6814.5,6725,6744.5,13677231.716,20647000.13337879
1585875600,6744.5,6810.5,6722.5,6805.5,2176510.6172,20499053.77134129
1585879200,6803.5,6828.5,6775.5,6812,3035080.68505,20347992.57715129
1585882800,6812.5,6829,6776,6784.5,5410887.39115,20205250.766276293
1585886400,6784,6803,6759,6787,3208017.9446,19993693.48762379
1585890000,6787,6797.5,6747.5,6780.5,7043401.54845,20181275.56969379
1585893600,6780.5,6824,6766.5,6802,6356750.7251,19591157.358046286
1585897200,6800,6962,6788.5,6936.5,32551996.97925,20426279.618251286
1585900800,6937,6982,6869,6933,23873513.50445,20290467.95061379
1585904400,6932,6982,6892.5,6966.5,11313379.89655,19730825.320553787
1585908000,6965.5,7055,6913,7023.5,21409353.8616,19119368.916956287
1585911600,7023,7047,6930.5,7007.5,30448446.41245,19564326.410123788
1585915200,7007.5,7023.5,6863,6931,43328574.65715,20227550.580718793
1585918800,6931,6954.5,6826,6849,31351416.47925,17794123.144360043
1585922400,6847,6870,6728,6797.5,22449868.284,16467187.00080504
1585926000,6797,6834.5,6673,6713.5,22483835.40875,16118982.355500042
1585929600,6713.5,6777,6610,6759,32402957.6184,16616164.82978504
1585933200,6760.5,6800,6674,6724,17261292.7062,17124632.99601504
1585936800,6724,6762.5,6681,6749,12636874.0188,17447681.41596754
1585940400,6749.5,6800,6742,6775,13405944.73735,17791266.759587537
1585944000,6777.5,6823,6677.5,6701.5,10043128.98215,17609561.62289504
1585947600,6701,6763,6672.5,6733.5,3360264.59665,17668749.321867537
1585951200,6733.5,6785.5,6716.5,6776,1847830.3138,17609386.803305037
1585954800,6772.5,6787.5,6722,6740,2541755.88885,17465930.228190035
1585958400,6739,6768,6715,6758.5,4607426.1102,17535900.636470035
1585962000,6757.5,6814.5,6751.5,6765,5410607.2165,17454260.919872534
1585965600,6765,6766,6680.5,6688,8404567.751,17556651.771167535
1585969200,6687.5,6719,6668.5,6704.5,2975690.24495,16077836.434452534
1585972800,6704.5,6738.5,6692.5,6723.5,1905516.5638,14979436.587420031
1585976400,6723.5,6786.5,6717,6735.5,2549812.3728,14541258.211232532
1585980000,6735,6741.5,6702.5,6735,2404077.8677,13590994.411537532
1585983600,6735,6746.5,6725,6737,3138006.64035,12225472.42293253
1585987200,6737,6791,6737,6789.5,2534475.20705,10185767.450427528
1585990800,6789.5,6882.5,6752,6849.5,16680023.81965,9452197.817447528
1585994400,6849.5,6915,6819.5,6890,16709303.2429,9165169.565392528
1585998000,6888,6926.5,6637.5,6706.5,26264440.0794,9354199.79892503
1586001600,6706.5,6743,6669.5,6718,13863903.0264,8427247.069325028
1586005200,6718,6749,6697.5,6735.5,6966399.13825,7912502.390927528
1586008800,6735.5,6739.5,6707.5,6716.5,3804188.8205,7470868.131012527
1586012400,6715.5,6762,6715.5,6733.5,11100124.5328,7355577.120785028
1586016000,6733.5,6815,6717.5,6790,32162232.90255,8461532.31680503
1586019600,6789.5,6819.5,6769.5,6783.5,17351412.7559,9161089.724767528
1586023200,6783,6814,6775.5,6781.5,2606039.03175,9199000.160665028
1586026800,6781.5,6798,6706,6754.5,9548180.3466,9549321.383552527
1586030400,6754.5,7024.5,6748.5,6842,49767311.7872,11807315.667402528
1586034000,6842,6911.5,6835,6872.5,9797292.6895,12026649.941052528
1586037600,6872.5,6894,6800,6851.5,12905930.09685,12251718.05834503
1586041200,6851.5,6885,6829,6867,5976264.2551,12401746.75885253
1586044800,6867,6913,6845.5,6870,15606681.35675,13086804.99850003
1586048400,6870,6887,6841,6857,4745086.6087,13196568.71029503
1586052000,6857,6857,6805,6851,3875199.0826,13270124.77104003
1586055600,6851,6851,6795,6805,4390732.577,13332761.067872528
1586059200,6805,6805,6745.5,6783,6878314.6665,13549953.040845027
1586062800,6783.5,6852,6767,6792.5,10717009.13895,13251802.306810027
1586066400,6792.5,6796,6738,6780,3461890.0483,12589431.647080028
1586070000,6780,6791,6754.5,6775,11233879.83105,11837903.634662528
1586073600,6775,6807.5,6757,6785,9250746.9178,11607245.829232529
1586077200,6785,6843.5,6759,6773,8740228.4549,11695937.295065029
1586080800,6773,6786,6735.5,6756,4850443.49145,11748250.02861253
1586084400,6756,6841.5,6750.5,6783,11036952.44455,11745091.424200032
1586088000,6783,6800.5,6763,6793.5,4702020.0391,10372080.78102753
1586091600,6793.5,6834,6787.5,6804.5,4496030.83995,9729311.68523003
1586095200,6804.5,6805,6774,6778.5,2224658.0811,9710242.637697529
1586098800,6778.5,6812.5,6767,6790.5,3206496.227,9393158.43171753
1586102400,6790.5,6799.5,6771,6789.5,5244645.2417,7167025.104442529
1586106000,6789.5,6888.5,6670.5,6805,34066896.62075,8380505.30100503
1586109600,6807.5,6833,6784,6802,7176079.88505,8094012.790415029
1586113200,6802,6820.5,6792,6800,3000288.22875,7945213.989097528
1586116800,6800,6801,6733.5,6760,6461490.1994,7487954.431230028
1586120400,6760,6809.5,6722,6762,4921859.27645,7496793.064617528
1586124000,6762,6820.5,6761.5,6809,11275947.05605,7866830.463290028
1586127600,6809,6816,6774,6778,1997289.75985,7747158.322432528
1586131200,6779,6891,6769.5,6877,17381157.62695,8272300.470455028
1586134800,6878,6907.5,6835.5,6850,7207347.2946,8096817.378237529
1586138400,6850,6859.5,6800,6829,2591838.3539,8053314.793517528
1586142000,6829.5,6859.5,6828,6851,3587498.85535,7670995.744732527
1586145600,6851,6973,6851,6955,20541208.3199,8235518.814837527
1586149200,6951,7029,6925,7005,23535687.03015,8975291.743600028
1586152800,7007,7133,6977,7094.5,20170188.50065,9741278.994060026
1586156400,7098,7122.5,6982.5,7044.5,15118112.58475,9945337.001070026
1586160000,7044.5,7099.5,7032,7056,7971465.3327,10108809.265750026
1586163600,7056,7164.5,7050,7117.5,22619326.0504,11014974.026272526
1586167200,7117,7167.5,7077.5,7087.5,16252964.95215,11716389.369825026
1586170800,7087,7133,7079.5,7110,6470552.7566,11879592.196305025
1586174400,7110,7179.5,7107.5,7148,21797737.9282,12707246.830630027
1586178000,7149,7176,6945.5,7106,41407370.7808,13074270.538632527
1586181600,7105,7124.5,7067,7110.5,13769504.79425,13403941.784092527
1586185200,7111,7160,7097,7156,13914112.82375,13949633.013842529
1586188800,7156,7198,7083,7158.5,48101263.65269999,16031621.686507529
1586192400,7159.5,7243,7144.5,7223.5,66042104.54465,19087633.949917533
1586196000,7223.5,7263.5,7187.5,7252,19425389.45165,19495106.069697533
1586199600,7252,7325,7233.5,7274.5,36781207.5692,21234301.96016503
1586203200,7276,7302.5,7201,7230,22419624.7636,21486225.316997528
1586206800,7226.5,7300.5,7210.5,7297,13678816.20785,21809798.762660027
1586210400,7297,7299,7238.5,7280,7876386.44775,22074026.167352524
1586214000,7280,7380,7255.5,7339,20161603.7602,22902731.412595026
1586217600,7340,7464,7314.5,7375.5,47245134.448,24237927.719000027
1586221200,7375.5,7420,7347.5,7360,10212145.55565,23571750.645275027
1586224800,7360,7386,7267.5,7321.5,44210519.3407,24773767.18727753
1586228400,7321.5,7338,7273,7334,4545787.8386,24245150.94997003
1586232000,7334,7336.5,7233.5,7258.5,12634542.2016,24478304.79341503
1586235600,7260,7307,7250.5,7286.5,6360263.2441,23665351.653100025
1586239200,7287,7316,7268.5,7315.5,3981548.1253,23051780.811757527
1586242800,7317,7397,7311,7385,15473587.81815,23501932.564835023
1586246400,7386,7392.5,7331,7366.5,10504655.17985,22937278.427417524
1586250000,7366.5,7386,7347,7383.5,6359014.785,21184860.627627525
1586253600,7383.5,7455.5,7380,7435.5,18298450.715,21411307.923665024
1586257200,7435.5,7436.5,7363.5,7393.5,13376554.861,21384430.025527522
1586260800,7393.5,7477,7298.5,7349,40744305.489,21016582.117342524
1586264400,7349,7406,7344,7356.5,26616675.01695,19045310.640957523
1586268000,7356.5,7357,7265,7288,19849041.78895,19066493.25782252
1586271600,7288,7351.5,7287,7327,8424539.52145,17648659.85543502
1586275200,7327,7392,7326.5,7374.5,17015508.76725,17378454.055617522
1586278800,7377,7383,7325.5,7353.5,15322381.64275,17460632.327362526
1586282400,7353,7361,7284.5,7311,16495704.03815,17891598.20688253
1586286000,7311.5,7369.5,7285,7291,28833741.15765,18325205.076755024
1586289600,7291,7295.5,7077,7119.5,29688761.70685,17447386.439697526
1586293200,7122,7220,7083.5,7172,14333046.87065,17653431.505447526
1586296800,7173,7199,7133.5,7170.5,7818422.2436,15833826.650592525
1586300400,7170.5,7214.5,7163.5,7196.5,5327512.76625,15872912.896975026
1586304000,7196.5,7212.5,7149,7155.5,9071754.63465,15694773.518627524
1586307600,7155.5,7189.5,7155.5,7161,1344396.2859,15443980.170717526
1586311200,7162.5,7289.5,7160,7267,11244263.98425,15807115.963665027
1586314800,7267,7397.5,7265,7350,21294543.3466,16098163.740087528
1586318400,7350,7376,7332,7357.5,13882663.8978,16267064.175985029
1586322000,7358,7428.5,7330.5,7421,26341257.0475,17266176.289110027
1586325600,7421,7433,7292.5,7323.5,17583595.9629,17230433.55150503
1586329200,7323.5,7358.5,7308.5,7328.5,12909031.33235,17207057.37507253
1586332800,7330,7341.5,7265.5,7298.5,16962294.87495,16017956.844370028
1586336400,7298.5,7338,7278.5,7310.5,10588678.71565,15216557.02930503
1586340000,7310.5,7354,7219,7255.5,20366606.0084,15242435.240277529
1586343600,7255.5,7309.5,7243.5,7300,7906388.1462,15216527.671515029
1586347200,7300,7360,7227,7287,19429696.1751,15337237.041907528
1586350800,7287,7313.5,7200,7222.5,20384958.68025,15590365.893782526
1586354400,7224,7276.5,7223,7274,7384742.9668,15134817.840215024
1586358000,7274.5,7317,7260,7283,6753795.69765,14030820.567215025
1586361600,7282.5,7343,7256.5,7330,17787008.29325,13435732.896535028
1586365200,7330,7356,7300,7314.5,8122797.6678,13125220.436392527
1586368800,7314,7340.5,7295.5,7324.5,3919509.1649,12930274.782457527
1586372400,7324.5,7340.5,7265.5,7310.5,12484618.32055,13288130.060172528
1586376000,7312.5,7378.5,7310.5,7324,9129792.67035,13291031.96195753
1586379600,7323.5,7369,7300,7332.5,4499663.9389,13448795.344607528
1586383200,7332.5,7392,7321,7369.5,5062782.7102,13139721.280905029
1586386800,7369.5,7401.5,7348,7369.5,5046610.40575,12327324.633862529
1586390400,7369.5,7377.5,7326,7354.5,10046207.6938,12135501.82366253
1586394000,7355,7357,7293.5,7319,4646977.5913,11050787.85085253
1586397600,7318,7331,7300,7325,3307083.73015,10336962.239215031
1586401200,7325.5,7325.5,7261,7291,4097531.871,9896387.26614753
1586404800,7287.5,7300,7241.5,7292,6667453.6962,9381645.20721003
1586408400,7292,7315,7278,7313.5,3148291.5485,9009625.848852532
1586412000,7313.5,7334,7301,7324,4733154.719,8227953.284382532
1586415600,7324,7345,7292,7338,6590143.9154,8162141.072842533
1586419200,7339.5,7363,7324.5,7343.5,9768515.91305,7679082.059740032
1586422800,7343.5,7343.5,7301,7306.5,8046041.37495,7062136.194475032
1586426400,7305.5,7328.5,7286,7319.5,9691666.32355,7177482.362312533
1586430000,7319.5,7342,7130,7195,26203089.79985,8149947.067422533
1586433600,7186.5,7320,7100,7312.5,61907837.6298,10355988.534250032
1586437200,7312,7352.5,7276,7341,25346634.9912,11217180.400420032
1586440800,7337,7361,7291,7331.5,20436238.0847,12043016.846410032
1586444400,7331.5,7333,7252.5,7288.5,10144566.9178,11926014.276272532
1586448000,7288.5,7306.5,7272,7286.5,7424859.45715,11840767.615612533
1586451600,7286.5,7320,7279.5,7300.5,5417132.4015,11886641.038742533
1586455200,7301,7301,7237,7261,11550066.83745,12211005.245105032
1586458800,7263,7288.5,7249.5,7271,10917942.43,12504571.846317533
1586462400,7271,7314,7250.5,7305.5,5040093.5566,12254266.139457533
1586466000,7306.5,7324,7277,7323.5,3845397.26745,12214187.123265032
1586469600,7323,7329.5,7294,7322,1871436.76085,12142404.774800032
1586473200,7322,7325,7285.5,7294,1675816.4521,12021319.003855033
1586476800,7293,7307.5,7262,7303.5,6200635.00045,11997978.069067532
1586480400,7303.5,7303.5,7262.5,7269.5,2685879.89165,11974857.486225031
1586484000,7269.5,7278,7212.5,7258.5,6809846.9485,12078692.097700031
1586487600,7258,7259.5,7159,7183.5,7707906.1034,12134580.20710003
1586491200,7183,7183,7081.5,7141,22827155.29655,12787512.176275032
1586494800,7141,7141,6890,6951,44344075.90815,14602413.902935032
1586498400,6952,7000.5,6928.5,6955.5,17562944.0361,14995977.78856253
1586502000,6954,6957,6857.5,6930,22123803.496,14792013.47337003
1586505600,6930.5,6971,6870.5,6920.5,16392726.66995,12516257.925377531
1586509200,6920.5,6934.5,6850.5,6929,13144081.7678,11906130.26420753
1586512800,6929.5,6951,6900,6936.5,12254692.78245,11497052.999095032
1586516400,6938,6938,6896.5,6901.5,4238578.19045,11201753.562727531
1586520000,6900,6936.5,6886,6931,7075820.28095,11184301.603917532
1586523600,6930,6930,6798,6907.5,31595952.8005,12493242.623867532
1586527200,6907.5,6923.5,6834,6858.5,18394964.996,12835487.531795032
1586530800,6858.5,6875,6746,6771,36658186.89400001,14122499.754995033
1586534400,6770,6875,6741,6869.5,30451365.23585,15393063.338957533
1586538000,6864.5,6901.5,6847,6873,20200555.53365,16210821.252267534
1586541600,6873,6929,6856,6921.5,15356984.49695,16885098.639072534
1586545200,6923,6959.5,6870,6913,19600001.9741,17781307.915172536
1586548800,6913,6929.5,6890,6919.5,6562262.78855,17799389.304577537
1586552400,6921.5,6944,6893,6905,5654165.92245,17947803.606117535
1586556000,6906.5,6929.5,6836.5,6869.5,7458710.8331,17980246.800347537
1586559600,6869.5,6888,6832.5,6872.5,4115337.36,17800618.363177538
1586563200,6872.5,6924,6851,6916.5,13607456.9824,17339633.44747004
1586566800,6916.5,6934,6892,6922,3432957.68285,15294077.536205038
1586570400,6922,6934.5,6901,6920,3539704.7774,14592915.573270041
1586574000,6920.5,6929,6905.5,6922.5,5202686.4456,13746859.72075004
1586577600,6922.5,6957.5,6917.5,6926.5,5821910.67435,13218318.920970041
1586581200,6926,6945,6912,6938,3583679.93065,12740298.82911254
1586584800,6938,6947,6925,6935,2050917.4629,12230110.06313504
1586588400,6935,6939,6873.5,6889.5,9031105.84255,12469736.44574004
1586592000,6889.5,6909,6874,6890.5,1720158.961,12201953.37974254
1586595600,6891.5,6894.5,6842,6870.5,7720511.58825,11008181.31913004
1586599200,6867.5,6883,6846.5,6852.5,4961526.95055,10336509.41685754
1586602800,6852,6906.5,6850.5,6891.5,4896486.2008,8748424.38219754
1586606400,6891,6902,6867.5,6887.5,4056633.3611,7428687.78846004
1586610000,6887.5,6895,6854,6863,4074625.112,6622391.26737754
1586613600,6863,6864,6812,6825.5,16303532.02955,6669718.644007539
1586617200,6825.5,6870,6825.5,6844.5,3735746.8092,5876505.88576254
1586620800,6844.5,6869.5,6795,6824,11891800.75335,6142982.78400254
1586624400,6824,6837.5,6783.5,6795,14978396.6596,6609194.3208600385
1586628000,6796,6841.5,6787,6823,8415982.5171,6657057.905060039
1586631600,6823.5,6839.5,6795.5,6813,9572377.8795,6929909.931035037
1586635200,6813,6813,6770.5,6793,12018730.9388,6850473.6288550375
1586638800,6795,6879.5,6781,6871.5,5074164.9143,6932533.990427537
1586642400,6871.5,6888,6850.5,6868,5209434.30695,7016020.466905038
1586646000,6868,6896,6856,6887,2588538.077,6885313.048475037
1586649600,6887,6914,6870,6874.5,7514633.5357,6969949.191542538
1586653200,6874.5,6887.5,6848,6857.5,3052466.82205,6943388.536112538
1586656800,6857.5,6862.5,6805,6829.5,12466396.0062,7464162.463277538
1586660400,6829.5,6840,6811.5,6818.5,1734098.8328,7099312.112790038
1586664000,6818.5,6830,6784,6827.5,2516948.98855,7139151.6141675385
1586667600,6825.5,6854,6816.5,6840,1607460.7145,6833499.070480038
1586671200,6840,6847.5,6821,6833.5,1504996.3165,6660672.538777539
1586674800,6833.5,6840,6815,6837,1704700.91615,6501083.274545038
1586678400,6837.5,6851,6835.5,6842.5,3224682.83675,6459485.748327537
1586682000,6842.5,6865,6842.5,6853,2957285.07895,6403618.746675038
1586685600,6853,6859,6838,6842.5,477743.56635,5612329.323515037
1586689200,6842.5,6882,6842.5,6858,5372567.68815,5694170.367462537
1586692800,6857.5,6938,6857,6921.5,14461326.0791,5822646.633750037
1586696400,6922,6939.5,6892,6929.5,5676267.69695,5357540.185617537
1586700000,6929.5,7011.5,6919,6976.5,17363611.5086,5804921.635192537
1586703600,6977,7039,6970,7029,9674957.23555,5810050.602995036
1586707200,7031,7160,7024.5,7159.5,29113729.63825,6664800.537967536
1586710800,7160,7200.5,7075.5,7120,34701122.71145,8146148.427825036
1586714400,7116,7133.5,7087.5,7118,4476525.91695,8109503.008325036
1586718000,7118,7167.5,7115.5,7129.5,6088738.94355,8284513.051652536
1586721600,7130,7172,7081,7118.5,7685219.54545,8293042.352140036
1586725200,7119,7134,7085,7129.5,4558010.51635,8368319.536855036
1586728800,7129.5,7152.5,6964,7041.5,14453026.9565,8467651.084370036
1586732400,7042.5,7047,6892,6912.5,12723234.7785,9017107.881655034
1586736000,6910,6914,6555,6724,57049077.29085,11743714.296770032
1586739600,6721,6738,6656,6694.5,14359649.5507,12381323.738580033
1586743200,6694.5,6734,6663.5,6724.5,7753423.81555,12693745.113532532
1586746800,6722.5,6723,6672.5,6682,6502881.6025,12933654.147850033
1586750400,6682,6715.5,6639,6695.5,8671032.13275,13205971.612650033
1586754000,6695.5,6722,6687,6702,3308413.91395,13223528.054400032
1586757600,6702,6744,6693,6740.5,5153797.3594,13457330.744052533
1586761200,6740.5,6743.5,6681.5,6705.5,7343075.75115,13555856.147202533
1586764800,6705.5,6730.5,6689.5,6710,3257167.9271,12995648.239602532
1586768400,6710,6715,6666,6692,4025547.38625,12913112.224067533
1586772000,6692.5,6728,6692.5,6725,3999824.72635,12244922.884955034
1586775600,6725.5,6842.5,6707.5,6790,20822491.7034,12802299.608347535
1586779200,6770.5,6781,6672,6701.5,18023676.04895,12247796.928882536
1586782800,6701.5,6733.5,6605.5,6624,18883515.00465,11456916.543542536
1586786400,6623,6766.5,6615.5,6724.5,31557422.69815,12810961.382602537
1586790000,6725,6819.5,6705,6775,19024842.20045,13457766.545447538
1586793600,6775,6812.5,6739.5,6761.5,20472689.4322,14097140.039785039
1586797200,6761.5,6790,6746.5,6761,6627564.0013,14200617.71403254
1586800800,6761,6799,6755,6756.5,10867689.8032,14021350.85636754
1586804400,6757.5,6817,6757.5,6783,11041770.2741,13937277.63114754
1586808000,6781.5,6844.5,6781,6822.5,10369680.5685,11603307.795030039
1586811600,6822,6894.5,6805,6838.5,10929335.22775,11431792.07888254
1586815200,6839,6912,6815,6882,11568492.96645,11622545.536427539
1586818800,6881,6906,6830,6848.5,7818591.28465,11688331.02053504
1586822400,6848.5,6887,6816.5,6838,6913101.0014,11600434.46396754
1586826000,6838,6870,6817.5,6859.5,5310076.19615,11700517.57807754
1586829600,6859.5,6880,6856,6864.5,1420229.52675,11513839.186445039
1586833200,6864.5,6913.5,6850,6894.5,3713205.53785,11332345.67578004
1586836800,6896.5,6927.5,6884.5,6894,9505478.30335,11644761.19459254
1586840400,6894,6908,6876,6894,3863768.52455,11636672.25150754
1586844000,6894,6894.5,6864.5,6880,2017022.6246,11537532.146420037
1586847600,6880,6904,6825,6827.5,8173992.22825,10905107.172662538
1586851200,6827.5,6827.5,6763.5,6790.5,13244243.9874,10666135.569585036
1586854800,6792,6863,6772.5,6855,7685851.6298,10106252.400842536
1586858400,6854.5,6898,6829.5,6835,9506947.5072,9003728.641295036
1586862000,6834.5,6878,6819.5,6839,6339283.7363,8369450.718087536
1586865600,6838,6854.5,6809,6849.5,3971348.54425,7544383.673690036
1586869200,6849.5,6907.5,6847.5,6900.5,18195477.8189,8122779.364570035
1586872800,6903,6971,6863,6901.5,29106715.977,9034730.673260035
1586876400,6903.5,6945,6883,6913,7830693.697,8874176.844405035
1586880000,6915.5,6967,6888.5,6957.5,13986558.52215,9055020.742087534
1586883600,6957.5,6987,6913.5,6925,15092854.30915,9263196.696157534
1586887200,6925,6946,6898.5,6915,8231643.97855,9096354.246762533
1586890800,6916,6933.5,6863,6924.5,7130018.2177,9061925.593415033
1586894400,6924.5,6938,6831,6869.5,12964341.58175,9364487.622432534
1586898000,6869.5,6885.5,6842,6855,3511351.6787,9274551.396560034
1586901600,6855,6912.5,6837,6880,3295945.9154,9368337.215992535
1586905200,6880,6896.5,6845.5,6875,3031337.2928,9334243.803740036
1586908800,6874,6874,6814,6840,8363202.44325,9277130.010735035
1586912400,6839.5,6887,6831,6882.5,2895886.6628,9228735.917647537
1586916000,6883,6912,6869.5,6899,3174286.1442,9286599.093627537
1586919600,6897.5,6924,6885.5,6912.5,3559964.60405,9055897.712417537
1586923200,6914.5,6942.5,6896,6899,5003513.779,8643861.201997537
1586926800,6899.5,6916.5,6883.5,6915.5,4475988.734,8483368.057207538
1586930400,6915.5,6927,6890,6894.5,2825031.73745,8149272.268720038
1586934000,6893,6899.5,6860.5,6870,6281381.51535,8146377.157672539
1586937600,6869,6885,6838.5,6852.5,5678226.6503,8231721.062975039
1586941200,6853.5,6864,6830.5,6844,4670260.4167,7555460.192865039
1586944800,6844,6872.5,6761.5,6789,13125181.39285,6756383.46365754
1586948400,6788.5,6795.5,6745,6779,14004390.61375,7065068.309495041
1586952000,6780,6780.5,6676,6720,23998400.5023,7565660.40850254
1586955600,6719,6754,6697.5,6734,9485264.2083,7285280.903460039
1586959200,6734,6780,6720.5,6721.5,9035968.18915,7325497.1139900405
1586962800,6721.5,6744,6692.5,6702.5,8287650.9076,7383378.748485039
1586966400,6705,6750.5,6691.5,6732,6004623.4136,7035392.840077539
1586970000,6732,6764,6728.5,6750.5,2264400.2687,6973045.269577539
1586973600,6750.5,6775,6747.5,6755,4686792.99835,7042587.623725039
1586977200,6755,6755,6729,6732.5,5655333.7218,7173787.445175039
1586980800,6734.5,6758.5,6720.5,6746,2070587.04535,6859156.675280037
1586984400,6746,6766.5,6727,6730.5,4273529.83155,6928038.833717537
1586988000,6730.5,6733.5,6696,6711.5,4459061.9919,6992277.626102537
1586991600,6711.5,6718,6607,6620,18513858.32395,7739972.312097536
1586995200,6620.5,6620.5,6468,6570,32747287.32899999,9127160.989597535
1586998800,6569.5,6666,6542,6621,14131845.17765,9609953.811780035
1587002400,6621,6649.5,6606.5,6642,9241652.89555,9930784.869685035
1587006000,6642,6676,6594,6654.5,9486641.3355,10091047.860692535
1587009600,6654.5,6687,6622.5,6626.5,6401168.1308,10127194.934717536
1587013200,6626.5,6653.5,6625.5,6638.5,3474662.91905,10067415.059835035
1587016800,6638.5,6699.5,6637.5,6690.5,6160939.04355,9719202.942370035
1587020400,6691.5,6996,6689.5,6898,91829864.51940002,13610476.637652537
1587024000,6902,7167,6881.5,7053.5,50537542.9741,14937433.761242535
1587027600,7054.5,7104.5,7022.5,7040,18735468.12,15399943.956827536
1587031200,7040,7074,6916,6963.5,24653649.74705,16180828.034722537
1587034800,6963.5,7076,6947.5,7032.5,14504294.309,16491660.204792539
1587038400,7032.5,7087.5,6940,7070,32417576.743,17812307.871262535
1587042000,7070,7104,6977,6984,20343501.44985,18716262.930320036
1587045600,6988.5,7042.5,6984.5,7034,12293863.5248,19096616.456642535
1587049200,7034,7076,7011.5,7057.5,9079835.24195,19267841.53265003
1587052800,7057.5,7075,6957,7014.5,17497405.35695,20039182.448230032
1587056400,7015,7040,6996.5,7014.5,3935936.40635,20022302.776970033
1587060000,7014.5,7057,6980,7018,7659112.88635,20182305.32169253
1587063600,7018,7110,7004.5,7084.5,10424162.3917,19777820.52508003
1587067200,7080.5,7080.5,6979.5,7058,26100334.72045,19445472.894652527
1587070800,7060,7095,7040,7078.5,5744298.41255,19026095.556397527
1587074400,7080.5,7189,7066,7166,26288272.0164,19878426.512440026
1587078000,7170,7228.5,7077.5,7112.5,21476379.115,20477913.401415028
1587081600,7113,7150,7006,7070.5,30140068.7108,21664858.430415027
1587085200,7070.5,7135.5,7070,7116.5,4805777.81695,21731414.175310027
1587088800,7116.5,7118,7067.5,7068.5,4918410.28925,21669287.73759503
1587092400,7067.5,7103.5,7050,7094,3486476.1767,17252118.32046003
1587096000,7094.5,7095,7020.5,7052.5,9959773.52735,15223229.848122528
1587099600,7052.5,7091,7036.5,7074.5,10917100.64,14832311.474122528
1587103200,7073.5,7074,7033.5,7066.5,8009068.63525,14000082.418532526
1587106800,7066.5,7076.5,7032.5,7053,8018286.49705,13675782.027935024
1587110400,7053,7088,7033.5,7071.5,9798529.11335,12544829.646452524
1587114000,7071.5,7138,7069.5,7111.5,13017629.41235,12178536.044577524
1587117600,7112.5,7119,7091,7108,4689338.6815,11798309.802412523
1587121200,7106.5,7127.5,7062,7081,8209103.19325,11754773.199977523
1587124800,7082,7112.5,7076.5,7112,4378447.335,11098825.298880022
1587128400,7111.5,7111.5,6995,7066.5,23444749.89385,12074265.973255023
1587132000,7067,7081.5,7015,7034,13663189.99895,12374469.828885023
1587135600,7034,7069,7022,7044.5,9371726.35445,12321848.027022522
1587139200,7044.5,7067.5,7038,7062.5,6424656.2047,11338064.101235023
1587142800,7062.5,7073,7036.5,7049.5,6624939.16745,11382096.138980024
1587146400,7048.5,7051.5,7028.5,7042,2157424.9532,10175553.785820024
1587150000,7042,7097.5,7040.5,7081.5,6211306.61785,9412300.160962524
1587153600,7081,7093.5,7055,7063,3822902.7577,8096441.863307524
1587157200,7063,7086,7042.5,7052.5,2779119.28165,7995108.936542524
1587160800,7052.5,7073,7052.5,7062.5,1615815.8851,7829979.216335026
1587164400,7062.5,7159,7016.5,7031,31308394.43155,9221075.129077526
1587168000,7030.5,7079,7016.5,7075,13448080.06055,9395490.455737526
1587171600,7076,7098.5,7071,7087.5,2910780.178,8995174.432637524
1587175200,7086.5,7119,7083,7089,4934842.5517,8841463.128460024
1587178800,7087.5,7115,7086,7096.5,785773.45225,8479837.476220025
1587182400,7096.5,7110.5,7088,7090,2007033.5925,8090262.700177525
1587186000,7090,7132,7090,7109.5,2946794.50935,7586720.955027525
1587189600,7111,7122,7098.5,7100.5,1725108.7977,7438509.460837525
1587193200,7100,7112.5,7092.5,7102,1339207.55325,7095014.678837526
1587196800,7102.5,7118.5,7093.5,7102,1173652.92975,6934774.958575025
1587200400,7102,7112,7097.5,7100.5,710584.54015,5798066.690890024
1587204000,7099.5,7100,7060.5,7093,5456096.85485,5387712.033685024
1587207600,7091.5,7128.5,7069,7115.5,6079968.63455,5223124.147690024
1587211200,7116,7183,7088,7142.5,18497424.6127,5826762.568090024
1587214800,7143,7279,7132.5,7250.5,37306986.76735,7360864.948085025
1587218400,7252,7283.5,7220.5,7239,13359311.36625,7920959.268737525
1587222000,7239,7255,7221,7249,6316127.34725,7926200.3052075235
1587225600,7253,7265.5,7166,7200.5,20329690.806,8751539.707622524
1587229200,7200.5,7221.5,7186.5,7198.5,5466205.6285,8885894.024965024
1587232800,7198.5,7207.5,7185,7198.5,3231472.22755,8966676.842087524
1587236400,7198.5,7232.5,7194.5,7219.5,4799897.957,7641252.018360023
1587240000,7219,7238,7205.5,7228.5,2459596.30895,7091827.830780024
1587243600,7228.5,7243,7216.5,7226,2589950.55215,7075786.349487524
1587247200,7226,7307.5,7220.5,7273.5,10252453.6024,7341666.902022524
1587250800,7273.5,7287,7234,7256,5442476.42605,7574502.050712524
1587254400,7256.5,7274,7187,7231,17046528.5043,8326476.796302524
1587258000,7231,7240.5,7202.5,7232,1732776.57905,8265775.899787525
1587261600,7232,7251,7219,7239,1805884.0868,8269814.664242526
1587265200,7239,7241,7225,7238,1341966.3149,8269952.602325025
1587268800,7238,7249.5,7228.5,7230.5,1468533.03115,8284696.607395026
1587272400,7230.5,7233,7109,7125.5,18001981.6701,9149266.463892527
1587276000,7126,7183,7108,7161.5,9388651.0735,9345894.174825028
1587279600,7161.5,7165.5,7127,7152.5,6987944.3612,9391292.961157527
1587283200,7152.5,7160,7129,7152.5,3087786.89195,8620811.075120028
1587286800,7152.5,7190.5,7141,7180,4599223.73545,6985422.92352503
1587290400,7180,7188,7162.5,7174,2422365.91475,6438575.6509500295
1587294000,7174,7174.5,7143.5,7171,2464087.8371,6245973.67544253
1587297600,7172.5,7178.5,7153.5,7165.5,1737487.40185,5316363.505235029
1587301200,7165.5,7166,7086,7110,10738043.2738,5579955.38750003
1587304800,7109.5,7119,7064,7115.5,9800108.69025,5908387.21063503
1587308400,7115,7125,7098,7105,2721195.40715,5804452.083142529
1587312000,7107,7139.5,7092,7128,5271939.55015,5945069.245202529
1587315600,7128,7177,7125,7169.5,10739550.4015,6352549.2376700295
1587319200,7168,7172,7149,7156.5,2069679.90685,5943410.552892529
1587322800,7156.5,7161,7127,7145.5,1958852.88815,5769229.37599753
1587326400,7145.5,7158,7127,7147,6166918.32015,5225248.86679003
1587330000,7147,7214.5,7147,7193,11539614.25145,5715590.75041003
1587333600,7193.5,7205,7161,7182.5,11487882.7031,6199690.68122503
1587337200,7184,7195,7112,7129,12239343.61045,6744559.54600253
1587340800,7129,7183,7093.5,7172,15442830.56865,7443274.42287753
1587344400,7172,7175.5,7144,7167,1181949.6438,6602272.821562529
1587348000,7167,7195.5,7156.5,7182,5265203.47245,6396100.441510027
1587351600,7182,7194,7164.5,7171,2784095.9576,6185908.021330027
1587355200,7171,7223,7171,7181,8525558.233,6457796.588382527
1587358800,7185,7194,7163.5,7181,4720387.3427,6463854.7687450275
1587362400,7181.5,7189,7162.5,7177,3437965.0242,6514634.724217528
1587366000,7177,7200,7166.5,7191.5,2595514.68455,6521206.066590028
1587369600,7191.5,7196.5,7140,7160.5,5672657.36885,6717964.564940026
1587373200,7159.5,7166.5,7123,7153.5,3428031.81285,6352463.991892526
1587376800,7153.5,7153.5,7022,7081.5,23744648.268,7049690.970780025
1587380400,7077,7086,6945,6966,20576439.5303,7942453.176937525
1587384000,6964.5,7065,6915,7034.5,21325068.6875,8745109.633805025
1587387600,7034,7057,7013,7024,10719692.70045,8744116.748752525
1587391200,7027,7083.5,7013.5,7071.5,10778744.848,9179569.995810024
1587394800,7071.5,7105.5,7061,7076.5,11405469.9917,9651900.850987524
1587398400,7077,7090.5,7034,7052,6001441.8896,9643627.029460024
1587402000,7052,7053,6822.5,6873.5,29122203.45545,10522756.489660025
1587405600,6874,6989,6821,6866,20526474.59645,10974686.084327525
1587409200,6865.5,6893,6765,6771,21440576.3295,11434747.720280025
1587412800,6769,6873.5,6749,6859,12113849.1917,11268298.651432525
1587416400,6861,6880.5,6833,6847,1855621.12895,11301982.225690026
1587420000,6847,6894,6844,6882,4717754.4303,11274609.773582526
1587423600,6882,6887.5,6821.5,6833,6975749.63175,11484192.457290025
1587427200,6831.5,6919,6814.5,6883.5,16043474.4063,11860088.265955025
1587430800,6883.5,6915.5,6867,6874.5,5471403.4829,11897639.072965024
1587434400,6876,6889.5,6838.5,6853,7873907.4883,12119436.196170025
1587438000,6852.5,6876,6844,6863,3295686.5189,12154444.787887525
1587441600,6863,6869.5,6832.5,6854.5,4602861.0913,12100954.974010026
1587445200,6854.5,6898.5,6848.5,6892.5,4346468.92375,12146876.829555027
1587448800,6892.5,6906,6876,6881.5,4472412.2514,11183265.028725026
1587452400,6881.5,6891.5,6868,6884,3277440.2516,10318315.064790027
1587456000,6883.5,6903,6856,6867.5,4583331.86355,9481228.223592527
1587459600,6867.5,6875,6771.5,6843.5,11894477.77805,9539967.477472527
1587463200,6839.5,6860.5,6811,6815.5,5861813.86765,9294120.928455029
1587466800,6815.5,6836,6762,6800.5,7498418.97865,9098768.377802528
1587470400,6800,6849,6789,6814.5,8083460.00065,9202869.283355027
1587474000,6814.5,6843.5,6780,6839.5,21569777.34035,8825247.977600027
1587477600,6839.5,6892,6811.5,6820,15073674.8394,8552607.989747528
1587481200,6820,6854.5,6803,6836.5,36632218.6949,9312190.108017528
1587484800,6835.5,6873,6822,6852.5,18793973.82415,9646196.339640027
1587488400,6852.5,6949.5,6802,6901,43232810.93004999,11715055.829695027
1587492000,6902.5,6918,6870.5,6885,8810862.8676,11919711.251560027
1587495600,6886.5,6907.5,6870,6873,17147457.06225,12428296.623085026
1587499200,6873,6892.5,6860,6885.5,8227681.7237,12037506.988955025
1587502800,6886.5,6909,6874,6892,5193975.87115,12023635.608367525
1587506400,6892,6907,6875,6898,6147926.08065,11937336.537985025
1587510000,6898.5,6907,6836,6847,5750238.44905,12060064.134492526
1587513600,6843.5,6864.5,6819.5,6838,12908644.9817,12475353.329012524
1587517200,6838,6857.5,6822.5,6856,4366407.6805,12476350.266850024
1587520800,6859,6893,6848,6872.5,4484115.8273,12476935.445645025
1587524400,6872.5,6880.5,6853.5,6867.5,4371527.1226,12531639.789195025
1587528000,6867.5,6877.5,6850,6860,2427337.67905,12423840.079970025
1587531600,6860,6932,6856.5,6907.5,6033651.0929,12130798.745712524
1587535200,6907.5,6948,6889,6941,9640655.0282,12319740.803740025
1587538800,6939,6968.5,6921.5,6945,9435583.77775,12416599.043695025
1587542400,6944.5,6958,6925,6953.5,4788240.00555,12251838.043940026
1587546000,6953,6987.5,6944.5,6953.5,7101469.5571,11528422.654777525
1587549600,6953.5,6960.5,6932,6943.5,3966711.08625,10973074.467120025
1587553200,6944,6967,6940,6963,6744403.11035,9478683.687892526
1587556800,6963.5,6977.5,6933.5,6961,6246608.02195,8851315.397782527
1587560400,6961.5,7120,6951.5,7069.5,41052911.57785,8742320.43017253
1587564000,7072.5,7136.5,7056,7102,33279116.1679,9965733.095187528
1587567600,7102,7126,7084.5,7126,14904652.15535,9853592.84984253
1587571200,7126,7170,7105.5,7129.5,29702249.9169,10927321.25950253
1587574800,7129.5,7137,7077.5,7092,13031052.2992,11319175.080905031
1587578400,7092,7125.5,7085.5,7101,13662294.76035,11694893.51489003
1587582000,7101,7124,7088,7092.5,3938517.0887,11604307.446872529
1587585600,7091.5,7117.5,7081.5,7112,3589439.2114,11138347.158357529
1587589200,7113,7133.5,7090.5,7094.5,5332541.26015,11186653.837340029
1587592800,7094.5,7122.5,7088,7119.5,3633289.3434,11144112.513145028
1587596400,7120,7137,7107,7133.5,3844074.383,11117739.876165029
1587600000,7134,7159,7105.5,7123.5,15882602.4364,11790503.114032527
1587603600,7123.5,7193,7120.5,7177.5,6501804.48425,11813910.783600029
1587607200,7178,7190.5,7129,7130,6473967.57545,11655576.410962528
1587610800,7130,7163.5,7115,7119,9750426.4433,11671318.544240028
1587614400,7118,7135.5,7098,7133.5,3748770.7509,11619345.081507528
1587618000,7133.5,7140,7099.5,7104.5,2514017.6403,11389972.485667529
1587621600,7104.5,7104.5,7025.5,7042.5,20877462.1928,12235510.040995028
1587625200,7042.5,7076,7032,7062,5277140.1522,12162146.893087529
1587628800,7062.5,7106.5,7045,7085,16848746.54625,12692253.81930253
1587632400,7085,7101.5,7062.5,7101.5,10568010.3175,11168008.75628503
1587636000,7101.5,7107.5,7061.5,7065.5,5709865.40665,9789546.21822253
1587639600,7066,7155,7063.5,7138.5,9777730.14815,9533200.11786253
1587643200,7138.5,7195.5,7113,7177,16796612.17665,8887918.23085003
1587646800,7176.5,7267.5,7157,7251,26978642.18205,9585297.724992529
1587650400,7251.5,7802.5,7251.5,7555.5,111575976.64404999,14480981.819177529
1587654000,7555.5,7574,7475,7544.5,19947984.58055,15281455.19377003
1587657600,7544.5,7634,7494.5,7518,36876006.7415,16945783.57027503
1587661200,7519,7568.5,7517,7565.5,16830124.6835,17520662.74144253
1587664800,7564.5,7583.5,7516,7549.5,9709924.7585,17824494.51219753
1587668400,7549,7557,7519.5,7532,8994082.5586,18081994.92097753
1587672000,7530,7571,7528.5,7542.5,6233452.05755,17599537.40203503
1587675600,7542.5,7628.5,7542,7601,6499589.6768,17599426.66166253
1587679200,7601,7608,7546.5,7573,5077822.07735,17529619.38675753
1587682800,7573,7574,7446,7495.5,17373800.37835,17910788.083510034
1587686400,7494.5,7534.5,7483,7500.5,11033316.0299,18275015.347460035
1587690000,7500,7525,7469.5,7492,5794146.92695,18439021.811792534
1587693600,7488.5,7542.5,7485,7527.5,4819958.91,17636146.647652537
1587697200,7527.5,7568.5,7509.5,7530.5,3425991.92635,17543589.236360036
1587700800,7529,7552.5,7504.5,7550,3471976.99755,16874750.75892504
1587704400,7550,7552,7494.5,7497.5,3413757.97625,16517038.141862538
1587708000,7498.5,7544.5,7498,7541,2868191.7731,16374954.46018504
1587711600,7540.5,7599,7531,7581.5,6130689.303,16192602.417927537
1587715200,7584.5,7592,7517.5,7563.5,5628435.0061,15634193.559400037
1587718800,7563.5,7625.5,7555,7586,6231682.532,14596845.576897537
1587722400,7587.5,7587.5,7503.5,7541,11662115.32395,9601152.510892536
1587726000,7541,7662.5,7480,7499.5,27540002.0131,9980753.382520039
1587729600,7499.5,7541.5,7457.5,7511.5,14155170.76415,8844711.583652537
1587733200,7511.5,7525.5,7481.5,7483.5,7651501.9459,8385780.446772538
1587736800,7483.5,7519.5,7394,7506,29782619.98415,9389415.208055038
1587740400,7506.5,7537.5,7488,7513,21775646.3705,10028493.398650037
1587744000,7514.5,7532,7489,7525,4932598.0758,9963450.699562537
1587747600,7524.5,7525,7503.5,7515,3630858.17895,9820014.124670036
1587751200,7514.5,7554,7514.5,7523.5,4635977.8578,9797921.913692538
1587754800,7523.5,7534,7506.5,7528.5,3493837.1013,9103923.749840038
1587758400,7528.5,7554,7527,7531.5,6236526.0676,8864084.251725039
1587762000,7531.5,7558,7505,7506.5,4391672.4513,8793960.527942538
1587765600,7504.5,7529,7480,7493,5173814.4513,8811653.305007538
1587769200,7493,7513.5,7491,7509.5,2620384.498,8771372.933590038
1587772800,7509.5,7518.5,7434,7475.5,8501199.7584,9022834.071632538
1587776400,7475.5,7506.5,7458,7490,3627571.2155,9033524.733595038
1587780000,7488.5,7510.5,7478.5,7497,1159946.2146,8948112.455670038
1587783600,7496.5,7531.5,7496.5,7528,4671140.0621,8875134.993625037
1587787200,7528,7532,7506,7527,3156392.37595,8751532.862117538
1587790800,7527,7575,7525.5,7572,6445116.49235,8762204.560135039
1587794400,7571.5,7596,7540,7587,5504885.02435,8454343.045155037
1587798000,7586.5,7600,7554,7567,11751810.7977,7664933.484385038
1587801600,7567,7583.5,7519,7557.5,7019002.96465,7308125.094410038
1587805200,7557.5,7574.5,7542.5,7568,2391530.00605,7045126.4974175375
1587808800,7568,7579.5,7544,7571,4514831.7185,5781737.084135038
1587812400,7571,7616,7525.5,7540.5,18516063.61805,5618757.946512538
1587816000,7537.5,7568.5,7536.5,7558,2525495.28095,5498402.806770038
1587819600,7558,7614,7558,7610,11478654.5447,5890792.625057538
1587823200,7608,7617.5,7539.5,7583,12914348.7334,6304711.168837538
1587826800,7585,7728.5,7516,7527,45302630.37625001,8395150.832585039
1587830400,7536.5,7569.5,7474.5,7553,20799319.6939,9123290.513900038
1587834000,7553,7560.5,7526,7543.5,2566898.36135,9032051.809402537
1587837600,7543.5,7547.5,7523.5,7534,6820750.7512,9114398.624397537
1587841200,7534,7554,7521,7546.5,2443286.19635,9105543.709315037
1587844800,7546.5,7561,7546.5,7550,3369184.4753,8848942.945160039
1587848400,7550,7550.5,7503.5,7532,8963919.8931,9115760.379040038
1587852000,7532,7556.5,7522,7539,7400009.30165,9427763.533392537
1587855600,7539,7547.5,7516,7543,6039263.9118,9496169.725877538
1587859200,7543,7579,7527.5,7568.5,5319079.88345,9604304.101252537
1587862800,7569,7589.5,7558.5,7566.5,2513024.22135,9407699.487702537
1587866400,7566.5,7589,7555.5,7567.5,2063196.3496,9235615.053965038
1587870000,7567.5,7573,7554,7573,2197184.49705,8757883.738932539
1587873600,7573,7573,7543.5,7561,3490367.994,8581451.990400037
1587877200,7561,7561.5,7535,7537.5,5312200.3672,8727485.508457538
1587880800,7536,7552.5,7524.5,7551.5,2840042.1152,8643746.028292539
1587884400,7551.5,7563,7541.5,7550.5,2712525.56715,7853569.125747537
1587888000,7550.5,7558,7535,7556,1258689.90085,7790228.856742537
1587891600,7556,7602.5,7555,7588,6955672.42315,7564079.750665037
1587895200,7588.5,7672,7574.5,7650,13270187.377,7581871.682845038
1587898800,7650,7692,7621,7666.5,20697857.1046,6351633.019262538
1587902400,7666.5,7683.5,7635,7654,11285548.1877,5875944.443952537
1587906000,7653.5,7720,7636.5,7691.5,37939029.5705,7644551.004410038
1587909600,7691.5,7712,7636,7647.5,16518824.87215,8129454.710457538
1587913200,7645.5,7645.5,7476,7551.5,38146843.20585,9914632.560932538
1587916800,7550,7593,7536.5,7572.5,9154447.84975,10203895.729655039
1587920400,7572.5,7597.5,7560.5,7587.5,3594582.03375,9935428.836687539
1587924000,7587.5,7639.5,7573.5,7628,13909143.83435,10260885.563322539
1587927600,7628.5,7666,7615,7656,4648403.01095,10191342.518280039
1587931200,7656,7669,7628.5,7649,6776770.39165,10264227.043690037
1587934800,7653.5,7667,7622,7637.5,19313333.42695,11104242.503970038
1587938400,7637.5,7646,7590,7621,9859134.9774,11494039.435360039
1587942000,7621,7713.5,7621,7707.5,14673766.57835,12117868.53942504
1587945600,7707.5,7794,7707.5,7751.5,43652122.0876,14125956.244105037
1587949200,7751.5,7823.5,7640.5,7703,33090837.3399,15514888.092740038
1587952800,7703,7741.5,7693,7740,9401667.93065,15842969.383512538
1587956400,7740,7758,7728,7742,7255192.56755,16070102.733532539
1587960000,7742,7745,7705.5,7738,6555616.03405,16334949.040192539
1587963600,7737.5,7757,7686.5,7705,13970049.61265,16685667.899667537
1587967200,7704.5,7722.5,7643,7657.5,10279063.2487,16536111.69325254
1587970800,7660,7708,7631.5,7703.5,8050139.2321,15903725.799627539
1587974400,7703.5,7746.5,7688,7711.5,17566459.03025,16217771.341755042
1587978000,7711.5,7730.5,7678.5,7707.5,6308812.6176,14636260.494110042
1587981600,7707.5,7717.5,7667.5,7698,8070433.741,14213840.937552541
1587985200,7697.5,7734.5,7688,7721,12551507.76735,12934074.165627543
1587988800,7724.5,7733,7672.5,7701.5,17219775.89465,13337340.567872541
1587992400,7701.5,7710.5,7620.5,7697.5,25076782.14005,14411450.573187541
1587996000,7697,7697.5,7632,7671.5,11712617.56285,14301624.259612542
1587999600,7671,7699,7658,7683.5,6079385.5952,14373173.38882504
1588003200,7681.5,7689,7657.5,7668,7377585.2965,14403214.134067541
1588006800,7668,7674,7642.5,7666,8002076.33625,13837651.279532542
1588010400,7666,7723.5,7665.5,7716.5,12225042.22135,13955946.641730044
1588014000,7715,7732.5,7696.5,7706,6362440.5836,13540380.341992542
1588017600,7706.5,7716.5,7688.5,7698.5,10939579.40645,11904753.20793504
1588021200,7698.5,7774.5,7696,7733.5,11461276.22025,10823275.151952542
1588024800,7733,7788,7720,7773,15394054.84025,11122894.497432541
1588028400,7772.5,7794,7750,7785,5216225.44685,11020946.141397541
1588032000,7785,7793,7727,7752,12375755.5699,11311953.118190043
1588035600,7750.5,7752,7690.5,7694.5,17119433.3726,11469422.306187542
1588039200,7696.5,7714,7673.5,7710,5225744.8097,11216756.384237543
1588042800,7710,7718,7686,7708.5,3097920.8943,10969145.467347544
1588046400,7708.5,7721.5,7667,7694.5,9238624.35975,10552753.733822543
1588050000,7694.5,7709,7682.5,7705.5,5909364.25085,10532781.315485042
1588053600,7705.5,7735.5,7687,7718,8059482.6766,10532233.762265043
1588057200,7718,7719.5,7697,7716,5743339.16635,10191825.332215045
1588060800,7716,7716,7687.5,7696.5,7868184.5605,9724245.765507543
1588064400,7696,7762.5,7695,7755.5,13716564.21935,9156234.869472545
1588068000,7755.5,7773,7729.5,7756,12179958.66595,9179601.924627544
1588071600,7756,7759.5,7737.5,7741,1237677.375,8937516.513617544
1588075200,7741,7784.5,7724.5,7767,10250817.5282,9081178.125202544
1588078800,7767,7775.5,7735.5,7735.5,12441146.63475,9303131.640127543
1588082400,7735.5,7754,7689,7696,22146623.5301,9799210.705565045
1588086000,7692.5,7737,7662,7723,14027415.83965,10182459.468367543
1588089600,7723.5,7751.5,7713.5,7736,8929141.96265,10081937.596177544
1588093200,7735,7746,7716,7733,5761512.0719,9796949.388760043
1588096800,7732,7747,7728,7737.5,8850323.78905,9469762.836200044
1588100400,7738,7750,7710,7721,8191712.9897,9618537.213342544
1588104000,7719.5,7741,7706.5,7730.5,4243208.92535,9211909.881115044
1588107600,7730.5,7738,7715,7737.5,4278248.6769,8569850.646330044
1588111200,7737.5,7769.5,7727,7757,5210217.99695,8569074.305692542
1588114800,7758,7778.5,7746,7751.5,6693662.6253,8748861.392242542
1588118400,7750,7776,7733,7740.5,4084004.96795,8491130.42265254
1588122000,7740.5,7774.5,7739,7770,2550614.26,8323192.923110041
1588125600,7770,7878,7715,7793.5,32393260.5504,9539881.81680004
1588129200,7793.5,7843,7793.5,7825,14125078.075,9958968.762232538
1588132800,7825.5,7855,7816.5,7851,7807268.33955,9955922.951185038
1588136400,7851,7885.5,7838,7870.5,10932170.12295,9816703.246365037
1588140000,7870.5,7973.5,7852,7957,31951180.34825,10805264.330480037
1588143600,7957,7979.5,7926.5,7954,13823303.11955,11434545.617707537
1588147200,7958.5,7981.5,7939.5,7954.5,14919764.9863,11667992.990612537
1588150800,7954.5,8013.5,7951,7991,16021475.4966,11847009.433705036
1588154400,7991.5,8179,7981,8127.5,39696653.37355,12724510.925877536
1588158000,8127.5,8204,8120.5,8144.5,25830961.634,13314688.215595035
1588161600,8144,8270.5,8140,8257,16797455.6391,13708103.899417534
1588165200,8259.5,8409.5,8259.5,8312,53725771.9917,16106316.895407533
1588168800,8312.5,8371.5,8276.5,8365,12935361.9765,16310568.804780032
1588172400,8365,8391.5,8298.5,8379.5,20598948.7229,16930930.59144003
1588176000,8379.5,8800.5,8344.5,8602.5,78932557.5408,20665398.02221253
1588179600,8605.5,8981.5,8602,8724.5,110703708.34835002,25986671.00578503
1588183200,8723.5,8759,8561,8642,50814786.18955001,28266899.41541503
1588186800,8642,8794.5,8641,8733,26757838.2722,29270108.197760027
1588190400,8733,8941.5,8710.5,8930.5,23737658.244,30252790.861562528
1588194000,8930.5,8947.5,8758.5,8865,23211012.6683,31285810.781977527
1588197600,8864.5,8864.5,8692.5,8767,15528763.33175,30442585.921045028
1588201200,8765.5,8801.5,8708,8790,8524008.36165,30162532.435377527
1588204800,8790,8829,8710,8823.5,22173423.44985,30880840.190892525
1588208400,8823.5,8878,8804,8855.5,9937261.12335,30831094.740912527
1588212000,8856,8988.5,8823,8961,14306049.24755,29948838.185877524
1588215600,8960.5,9312,8850,9306.5,69358218.88780001,32725583.974290024
1588219200,9302.5,9302.5,9048.5,9170.5,54924106.34724999,34725801.04233752
1588222800,9170,9428.5,9170,9383,59368649.24825,36893159.72992002
1588226400,9379,9479.5,9253,9333.5,78120067.72805,38814330.44764502
1588230000,9333.5,9353.5,9028.5,9188.5,79520351.7306,41498799.952475026
1588233600,9188.5,9236.5,9100,9127,19383914.77455,41628122.909247525
1588237200,9125.5,9128.5,8664,8679.5,89709996.71204998,43427334.14526502
1588240800,8657,8913.5,8567,8903,65595056.06995,46060318.84993751
1588244400,8903,8970,8839,8848.5,40524653.32589999,47056604.08008751
1588248000,8849.5,8927.5,8718,8771,34544118.39215,44837182.12265502
1588251600,8771,8879,8728.5,8865,39139680.4773,41258980.729102515
1588255200,8864,8907,8790.5,8831,25376185.54455,39987050.69685251
1588258800,8836.5,8864.5,8741,8790,19439788.311,39621148.19879251
1588262400,8789.5,8800,8631,8697,30915403.73225,39980035.473205015
1588266000,8697.5,8720,8411,8562,44769456.6714,41057957.673360005
1588269600,8563,8739.5,8556.5,8679,38440365.47655,42203537.780600004
1588273200,8681,8871,8674,8850.5,37052763.67335001,43629975.546185
1588276800,8847,8892.5,8678.5,8831.5,27264299.7189,43884519.35963751
1588280400,8831,8864.5,8749,8772,12634947.73365,44019403.6901525
1588284000,8772,8780,8627.5,8772.5,17027972.5577,44155499.85566001
1588287600,8771.5,8790.5,8591.5,8637,15089995.32845,41442088.6776925
1588291200,8631,8752,8627,8719.5,24998468.64805,39945806.7927325
1588294800,8719.5,8775.5,8668,8674.5,14039134.80125,37679331.0703825
1588298400,8673,8743.5,8660.5,8738,7524414.1893,34149548.393445
1588302000,8738,8750,8673,8684,10817917.15035,30714426.664432496
1588305600,8685.5,8808,8682,8800,9743570.07445,30232409.429427497
1588309200,8799,8841.5,8766.5,8822,14925958.4789,26493207.51777
1588312800,8821.5,8821.5,8755.5,8765.5,10762071.1881,23751558.273677498
1588316400,8765.5,8791.5,8719.5,8781,10819953.7241,22266323.2935875
1588320000,8781,8816,8767,8813.5,17615795.8967,21419907.168815
1588323600,8813.5,8884.5,8785.5,8860.5,12802189.6113,20103032.625515003
1588327200,8861.5,8925.5,8830.5,8924,20512810.53715,19859863.875145003
1588330800,8925.5,9076,8890,9007.5,43071318.5806,21041440.388625003
1588334400,9017,9043,8822.5,8888.5,34315715.44755,21211455.974390008
1588338000,8888.5,8933.5,8783.5,8801.5,28620909.0582,20404028.593730006
1588341600,8802.5,8853,8712,8836.5,31940307.36945,20079025.688375004
1588345200,8835.5,8872.5,8735,8735.5,18082677.9222,19130521.400817506
1588348800,8736,8775,8660,8743,26434507.16245,19089031.772995006
1588352400,8742.5,8777.5,8695,8766.5,9114355.02,18913002.137312505
1588356000,8772,8791.5,8728,8744,6644530.54215,18393830.036535006
1588359600,8742.5,8776.5,8706.5,8737.5,10920315.2503,18185346.032627504
1588363200,8737.5,8755,8665,8736,8266826.49705,17348763.925077505
1588366800,8736.5,8857.5,8736.5,8856.5,10854708.3199,17189542.601010002
1588370400,8854.5,8881.5,8808,8848,3569873.97545,16991815.590317503
1588374000,8848,8912,8813,8832,9095901.5104,16905714.808320004
1588377600,8838,8850,8767.5,8837.5,12548889.7176,17045980.790477503
1588381200,8837.5,8837.5,8781.5,8802,4910293.0141,16545197.517237503
1588384800,8802.5,8843,8760.5,8821.5,7055390.0847,16359863.462067503
1588388400,8821.5,8866.5,8805.5,8843.5,5378957.3278,16087813.642252501
1588392000,8843.5,8865.5,8798.5,8827,9618060.91965,15687926.893400002
1588395600,8827,8841,8791,8826,4365131.6399,15266073.994830003
1588399200,8826,8855,8822.5,8830.5,4099098.7859,14445388.407267502
1588402800,8830.5,8835.5,8791.5,8809,3400896.2152,12461867.288997503
1588406400,8809,8827.5,8777,8782,6525367.5134,11072349.892290002
1588410000,8782.5,8831,8782.5,8820,3964657.89415,9839537.334087502
1588413600,8820.5,8860,8815.5,8838,10600894.07225,8772566.669227501
1588417200,8838,8899,8838,8848.5,10205381.1054,8378701.828387502
1588420800,8848,8955,8847.5,8871,21106894.7868,8112321.209605003
1588424400,8871,8920.5,8861,8911,7921494.4264,8052678.179925002
1588428000,8911,8971.5,8899.5,8930.5,11036552.46425,8272279.276030002
1588431600,8930.5,8984.5,8906,8949,16842326.391,8568379.833065003
1588435200,8948.5,9024,8928,8989.5,16289260.6783,8969501.542127503
1588438800,8990,9008,8961,8983,7487334.13245,8801132.832755003
1588442400,8983,8983,8821.5,8875,36034875.74760001,10424382.921362504
1588446000,8875,8893.5,8834,8890,16211800.99135,10780177.895410005
1588449600,8891,8940.5,8871.5,8938,8881942.4209,10596830.530575003
1588453200,8942.5,8947,8896.5,8934.5,6127504.31445,10657691.095592504
1588456800,8934.5,8951.5,8909,8947,5392046.93535,10574523.938125005
1588460400,8947.5,8999,8936.5,8982,7815419.92475,10696347.067972505
1588464000,8982,9166,8948,9138,29567059.2949,11693796.986735005
1588467600,9138,9208,9068,9129,23265038.0634,12638792.307910006
1588471200,9130,9161,9084.5,9085,21155404.61255,13491607.599242505
1588474800,9085,9178.5,9085,9146.5,6137975.71755,13628461.574360004
1588478400,9146.5,9162,9117.5,9123.5,7879142.01405,13696150.299392503
1588482000,9123.5,9138,9093,9106.5,10292671.4041,14012550.974890003
1588485600,9106.5,9107.5,8893.5,9010.5,34502072.63115,15207609.902835002
1588489200,9010.5,9037,8981.5,8995,11078139.5141,15251247.823270002
1588492800,8994.5,9056.5,8972.5,9040.5,6791358.2306,14535470.99546
1588496400,9040,9131.5,9035.5,9113.5,17033167.8585,14991054.667065
1588500000,9113.5,9150,8989.5,9049.5,18560843.03595,15367269.19565
1588503600,9049.5,9112,9026,9052.5,9276242.9478,14988965.02349
1588507200,9053.5,9078.5,8837.5,8964.5,40026482.06905001,16175826.093027499
1588510800,8964.5,8964.5,8826,8934,25015457.0947,17052232.24114
1588514400,8931.5,8931.5,8737.5,8774,29693427.224,16735159.814959997
1588518000,8771.5,8849.5,8722.5,8819,24469674.0937,17148053.470077496
1588521600,8817,8886,8783,8857,13888068.16025,17398359.757044997
1588525200,8857,8893,8783.5,8824,8908494.7772,17537409.280182496
1588528800,8824,8875,8810,8852,5488662.7509,17542240.070959993
1588532400,8852.5,8913,8851,8874,6114381.7945,17457188.164447494
1588536000,8874,8885,8792,8848,6598999.84375,16308785.191889992
1588539600,8848,8915,8809.5,8858.5,5776022.6851,15434334.422974993
1588543200,8858,8964.5,8858,8905.5,13101728.93535,15031650.63911499
1588546800,8905.5,8931.5,8871.5,8907.5,8577521.19115,15153627.912794992
1588550400,8907.5,8951,8779,8815.5,21558950.3316,15837618.328672493
1588554000,8815.5,8846,8624,8698,34703937.15065,17058181.615999993
1588557600,8697.5,8787,8678,8752.5,11316170.8678,15898886.527832493
1588561200,8751,8771.5,8707.5,8736.5,6724931.95365,15681226.149809992
1588564800,8739,8748,8635,8698,13769097.1753,16030113.097044993
1588568400,8696,8702,8532,8618,31727921.8723,16764850.797734994
1588572000,8617,8658.5,8593,8631,12732165.65725,16473416.928799992
1588575600,8630.5,8681.5,8582.5,8660,12944261.65795,16656817.864307493
1588579200,8660,8724.5,8651,8700.5,13784217.1971,15344704.620709991
1588582800,8700,8706,8603.5,8638.5,11249998.56755,14656431.694352493
1588586400,8640,8689.5,8614.5,8634,8075300.16655,13575525.341479992
1588590000,8634,8710,8629,8684,8639974.03995,12784040.338792494
1588593600,8683.5,8761,8657,8724.5,18068557.56665,12993064.809112493
1588597200,8724.5,8852,8724.5,8842,21734909.54105,13634385.547304993
1588600800,8841.5,8874,8789.5,8792,23500431.371,14534973.978309995
1588604400,8792.5,8861,8792.5,8859.5,6569746.05625,14557742.191397494
1588608000,8859.5,8907,8804,8841.5,18213791.41755,15138481.770087495
1588611600,8841.5,8859.5,8751.5,8811,17120184.8187,15705689.876767496
1588615200,8811,8886.5,8800,8859,14181643.04055,15759685.582027495
1588618800,8859,8893.5,8817.5,8842.5,8838571.71835,15772738.108387494
1588622400,8841.5,8942.5,8840,8917,9407558.6625,15165168.524932494
1588626000,8917,8960,8896,8953,8807479.7259,13870345.653694993
1588629600,8953,8971,8871,8885,8487973.567,13728935.788654992
1588633200,8885,8921,8837,8887.5,9571999.10595,13871289.146269992
1588636800,8886.5,8941,8854,8914.5,11087653.45175,13737216.96009249
1588640400,8914.5,8915,8839.5,8895,7369102.196,12519275.97627749
1588644000,8895,8899.5,8834.5,8865.5,7258241.8401,12245579.78541999
1588647600,8865.5,8887.5,8829,8862.5,7821041.38895,11989418.771969989
1588651200,8862.5,9100,8862.5,9060,34881637.93445,13044289.808837486
1588654800,9062.5,9125.5,9001,9023.5,37850326.4385,14374306.202384988
1588658400,9023.5,9065,8976,9041.5,15427142.95875,14741898.34199499
1588662000,9041.5,9088,9015.5,9029,16664479.2857,15143123.604282489
1588665600,9029,9055,8988,9047,15515131.58055,15015452.304977491
1588669200,9047,9089.5,9007,9017.5,22437956.85105,15050604.67047749
1588672800,9016.5,9016.5,8786,8867,66438916.66824999,17197528.93533999
1588676400,8858.5,8903,8845.5,8859.5,12090567.77105,17473570.02107999
1588680000,8856.5,8895,8822.5,8880,13106140.1027,17218187.455337487
1588683600,8879.5,8964,8853.5,8924.5,23311466.1728,17527751.52304249
1588687200,8928.5,8930.5,8824.5,8886.5,22631489.45,17950243.843514986
1588690800,8886.5,8888.5,8835.5,8848,9646449.08655,17990637.71192499
1588694400,8849.5,8899,8825,8878.5,7846637.96935,17912591.677267484
1588698000,8878.5,8940.5,8846.5,8876,10362862.9533,17990360.838637486
1588701600,8876,8918,8859,8896,5374924.5488,17834708.387727488
1588705200,8896,8945.5,8880.5,8912.5,9921592.4292,17852188.053889986
1588708800,8910,8972.5,8908,8948,10576280.0782,17826619.38521249
1588712400,8949,9011.5,8949,8973.5,13714652.16925,18143896.88387499
1588716000,8973.5,8992,8911,8976.5,16111750.18595,18586572.301167488
1588719600,8977,9051,8957,9028,11408107.27215,18765925.59532749
1588723200,9029,9047,8920,8954,24973536.8184,18270520.53952499
1588726800,8954,9000,8946,8988.5,5728618.85355,16664435.160277491
1588730400,8988.5,8990.5,8950,8982,4805451.5409,16133350.589384992
1588734000,8981.5,9078,8947,8985.5,25150235.67535,16557638.40886749
1588737600,8986.5,9061,8965.5,9011.5,20701149.31465,16816939.29557249
1588741200,9009,9050.5,8992.5,9017,11224581.20865,16256270.513452489
1588744800,9017,9057.5,9011,9038.5,11708978.2924,13519773.59465999
1588748400,9038.5,9060.5,9010.5,9034.5,12670978.03695,13548794.10795499
1588752000,9034,9137,9000,9052.5,33279180.1136,14557446.108499993
1588755600,9054.5,9118.5,9049,9107.5,11802099.4905,13981977.77438499
1588759200,9100,9315,9079,9242,55984228.4393,15649614.723849991
1588762800,9242,9370,9215,9335.5,38039057.36785,17069245.137914993
1588766400,9337,9409,9242.5,9247.5,42390757.69589999,18796451.124242492
1588770000,9253.5,9295.5,9138,9243.5,51880462.8742,20872331.12028749
1588773600,9243.5,9261,9201,9248,26139621.9575,21910565.99072249
1588777200,9245.5,9306,9239.5,9286,18978479.4295,22363410.340737488
1588780800,9286.5,9329,9238.5,9281.5,24247707.4108,23046981.707367487
1588784400,9281.5,9299.5,9240,9281.5,19633164.17455,23342907.307632487
1588788000,9281,9281,9218,9249.5,24738646.98605,23774252.14763749
1588791600,9249.5,9301.5,9238.5,9253,31375919.484,24772642.758229993
1588795200,9252,9268.5,9220,9248.5,10417154.4103,24044823.63782499
1588798800,9248.5,9304,9247.5,9290,6651406.78415,24090963.034354992
1588802400,9289.5,9397,9284,9371.5,19400277.00585,24820704.30760249
1588806000,9371.5,9423.5,9079,9147.5,51196851.21025,26123035.08434749
1588809600,9148,9216,9033.5,9193.5,48580931.6552,27517024.201374985
1588813200,9193.5,9253.5,9193.5,9234,13386917.69475,27625141.025679983
1588816800,9236.5,9390,9198.5,9340.5,22024180.7439,28140901.148254983
1588820400,9341,9363,9256.5,9301,18749315.2659,28444818.009702485
1588824000,9299,9326,9257,9285,9312124.48355,27246465.22819998
1588827600,9286.5,9322.5,9232.5,9280,15938792.24365,27453299.865857482
1588831200,9280,9315.5,9249.5,9261.5,11753767.9797,25241776.84287748
1588834800,9261,9327,9244.5,9320.5,16459876.5122,24162817.80009498
1588838400,9320.5,9350.5,9280.5,9350,17503835.95585,22918471.713092484
1588842000,9349.5,9349.5,9275,9321,16080979.18385,21128497.52857498
1588845600,9321,9332,9276.5,9298.5,7470226.4895,20195027.755174983
1588849200,9298.5,9311.5,9253,9290,15758308.6009,20034019.213744983
1588852800,9291,9398,9270,9388,24839718.8687,20063619.786639985
1588856400,9385,9637.5,9322,9495,93557703.14355,23759846.735089984
1588860000,9495,9545,9489.5,9508,30382778.58035,24042053.314804982
1588863600,9507,9579.5,9339,9525,45902708.44255,24768392.762732483
1588867200,9528.5,9661,9518,9638,50626212.06185,26778845.645309977
1588870800,9646.5,9914.5,9646.5,9852,129886417.81515,32940596.19685998
1588874400,9853.5,9881.5,9746.5,9812,52312559.53030001,34586210.323082484
1588878000,9814,9979,9802,9881.5,46953253.83544999,34374030.45434248
1588881600,9884.5,9911,9734,9814,31955832.31165,33542775.48716498
1588885200,9812.5,9908,9770,9891,16822838.2032,33714571.51258748
1588888800,9891.5,9942.5,9842,9914.5,13017487.7484,33264236.86281248
1588892400,9914,10099,9874.5,10013.5,48694883.27635,34761515.26333498
1588896000,10013.5,10059,9873,10044.5,72625910.1068,37927204.54449748
1588899600,10044.5,10053,9948.5,10004.5,28623838.106,38561456.83761498
1588903200,10004.5,10011.5,9866,9920.5,20116573.18705,38979597.09798248
1588906800,9919,9966,9845,9948.5,17514079.09165,39032307.22695498
1588910400,9951.5,9952,9886,9928.5,9574737.98995,38635852.32865998
1588914000,9930,9933,9808.5,9881,18241681.13755,38743887.426344976
1588917600,9881,9887,9764,9790.5,34061070.8232,40073429.64302997
1588921200,9787.5,9845,9734,9833,32963997.76445,40933714.10120747
1588924800,9833,9923,9830,9878,19575650.24465,40670510.67000497
1588928400,9879.5,9897,9836.5,9857,12470763.2389,36616163.674772464
1588932000,9857,9990.5,9841,9980,15716040.88965,35882826.790237464
1588935600,9980,9980,9895,9923.5,25413110.40395,34858346.88830747
1588939200,9924,9937.5,9796.5,9848.5,34800871.5334,34067079.86188497
1588942800,9848.5,9919,9837,9905.5,11290992.85015,28137308.613634966
1588946400,9906,10031.5,9889,9981,32944500.6155,27168905.667894967
1588950000,9981.5,10036,9931.5,9963,37835876.61725,26713036.806984965
1588953600,9965,10018.5,9936.5,9994.5,27580205.964,26494255.48960247
1588957200,9994.5,10002,9948,9988,21283804.508,26717303.804842465
1588960800,9987.5,10001,9882,9899.5,11228558.45625,26627857.340234965
1588964400,9912,9988.5,9884.5,9971.5,12653827.57455,24825804.555144966
1588968000,9971.5,10014.5,9948,10007,9508973.2378,21669957.711694963
1588971600,10008,10031.5,9983.5,10027.5,5467392.3724,20512135.425014965
1588975200,10027.5,10033.5,9858,9890.5,18429664.7081,20427790.001067467
1588978800,9893.5,9936,9779.5,9819.5,22063554.29095,20655263.761032466
1588982400,9815.5,9898,9739.5,9882.5,37784232.43285,22065738.483177464
1588986000,9882.5,9928.5,9857,9867.5,10036025.0734,21655455.679969966
1588989600,9867.5,9885.5,9841,9863.5,9139834.1594,20409393.846779965
1588993200,9863.5,9904.5,9863.5,9880,4622462.7041,18992317.093762465
1588996800,9880,9894,9790.5,9843,12536144.77565,18640341.820312466
1589000400,9841,9852,9758,9842,8247496.6595,18429178.491342466
1589004000,9842.5,9848,9664.5,9708,28053603.7507,19046056.634394966
1589007600,9706,9749,9582.5,9612.5,33552766.9109,19453039.459742468
1589011200,9607,9704.5,9607,9691,12824881.59675,18354239.96290997
1589014800,9691,9723.5,9658,9704,9344669.22295,18256923.781549968
1589018400,9705,9706,9559.5,9638.5,28715980.7287,18045497.78720997
1589022000,9638.5,9668,9528,9649.5,27794132.9127,17543410.601982467
1589025600,9652.5,9709.5,9625.5,9684.5,18613641.50485,17095082.37902497
1589029200,9684.5,9731,9632,9731,10240940.87495,16542939.19737247
1589032800,9731.5,9738,9680,9711.5,12244004.603,16593711.504709968
1589036400,9711.5,9711.5,9640.5,9701.5,19939217.32745,16957980.992354967
1589040000,9701,9786,9686,9768,15864491.2601,17275756.893469967
1589043600,9768,9808.5,9742.5,9785,12303667.0354,17617570.62661997
1589047200,9784,9799.5,9738,9752,9150014.77085,17153588.129757468
1589050800,9752,9782,9746,9758.5,2574954.12275,16179158.121347466
1589054400,9758.5,9787.5,9606,9668,16054371.00215,15092665.049812466
1589058000,9667.5,9680.5,9600.5,9627,14489781.9921,15315352.895747464
1589061600,9627,9696,9575.5,9616,20761431.6339,15896432.769472465
1589065200,9614.5,9650.5,9535,9550.5,20549609.29835,16692790.099184964
1589068800,9551.5,9584,8012,8709.5,300683160.3321,31100140.877007462
1589072400,8705.5,8775.5,8586,8723.5,74075539.19025002,34391543.003544964
1589076000,8719.5,8730,8642.5,8670,37614126.0024,34869569.116129965
1589079600,8670,8681,8367,8635,77795827.74485,37081722.15782747
1589083200,8633,8636,8475,8575.5,44788854.01885001,38679920.77893247
1589086800,8571,8670,8559.5,8631.5,20332882.7497,39229331.45526996
1589090400,8631.5,8645.5,8570.5,8611,11846121.6507,38385838.50136996
1589094000,8609,8843.5,8600,8821.5,37715041.2669,38881883.91907995
1589097600,8822,8921.5,8778.5,8820,39768821.35555,39939642.911614954
1589101200,8818,8859,8751,8756,20784499.7898,40466820.85735746
1589104800,8756,8848,8706.5,8820,23216369.6677,41015439.110592455
1589108400,8819.5,8827,8665.5,8744,22371878.6723,41137072.17783495
1589112000,8744,8780.5,8694.5,8722,11516861.848,40919690.70722996
1589115600,8722,8830.5,8696,8780,12233356.09385,40916175.16015245
1589119200,8778.5,8795.5,8617,8668,16950134.71185,41306181.15720246
1589122800,8668,8729.5,8575,8662,27607274.473,42557797.17471496
1589126400,8659,8697,8260.5,8267.5,96069414.286,46558549.33890746
1589130000,8275,8560,8275,8532.5,49699724.01310001,48319046.439957455
1589133600,8534.5,8576.5,8421.5,8496,22810630.11835,48421506.364179954
1589137200,8495,8573,8489.5,8504.5,16487325.81925,48218392.19022496
1589140800,8503.5,8798.5,8503,8669.5,43250969.2448,35346782.63585995
1589144400,8665,8786,8665,8719.5,15532778.2432,32419644.58850745
1589148000,8719.5,8806.5,8686.5,8781,9060198.91765,30991948.234269947
1589151600,8781.5,8846.5,8572,8729,33618284.7724,28783071.085647445
1589155200,8727,8812,8707.5,8779,36366456.15635,28361951.192522448
1589158800,8779,8782.5,8690.5,8722,7746137.3003,27732613.92005245
1589162400,8722,8777.5,8701,8758.5,3722031.4561,27326409.41032245
1589166000,8758.5,8780.5,8668.5,8705.5,11063998.5916,25993857.27655745
1589169600,8705,8726,8622,8645,18576368.804,24934234.648979947
1589173200,8644,8709.5,8620.5,8699.5,9925441.871,24391281.75303995
1589176800,8699,8739.5,8675.5,8691,6188490.7542,23539887.807364948
1589180400,8691,8714,8627,8669,10683628.13945,22955475.280722447
1589184000,8670.5,8689,8569,8642.5,21268117.29935,23443038.05328995
1589187600,8642,8646.5,8485,8493,32641812.38235,24463460.86771495
1589191200,8495,8893,8492.5,8807.5,55709646.37199999,26401436.450722452
1589194800,8807.5,8998,8746.5,8921,47735318.62285,27407838.65821495
1589198400,8930,9161.5,8800,8868.5,104124980.42369999,27810616.96509995
1589202000,8859,8972.5,8762.5,8846.5,50052930.31210001,27828277.28004995
1589205600,8848,8943.5,8840.5,8873,28393491.2878,28107420.338522445
1589209200,8874.5,8963,8811.5,8888.5,21265729.2791,28346340.511514943
1589212800,8888.5,8929.5,8350.5,8601,70672356.66309999,29717409.882429946
1589216400,8600.5,8674,8423,8509,58098645.04914999,31845703.222727448
1589220000,8510.5,8677,8163.5,8604,91511452.5538,35968265.90453495
1589223600,8605.5,8783.5,8413,8746.5,84919186.66805,38533310.99931745
1589227200,8751.5,8821.5,8576,8640,35233586.76055,38476667.52952745
1589230800,8640,8704.5,8466.5,8590,15370718.7578,38857896.60240245
1589234400,8601.5,8648.5,8528.5,8607,16221070.77465,39482848.568329945
1589238000,8604,8646.5,8502,8565,13050473.21455,39582172.29947744
1589241600,8567,8682,8532,8613,32028944.2348,40254801.071017444
1589245200,8613,8646.5,8565.5,8620,15081040.5624,40512581.00558744
1589248800,8620,8688.5,8593.5,8637,6653080.19685,40535810.47771994
1589252400,8637,8740,8633,8714.5,9052064.6225,40454232.30187244
1589256000,8714.5,8754,8664,8702.5,8893012.0441,39835477.03910994
1589259600,8701,8784,8701,8730.5,10829316.6855,38744852.25426744
1589263200,8730,8760,8654,8704.5,12429328.44275,36580836.35780494
1589266800,8702.5,8719.5,8612.5,8654.5,13289375.98685,34858539.22600494
1589270400,8654.5,8764.5,8634,8747.5,16498295.57235,30477204.98343745
1589274000,8750.5,8842,8744.5,8788,25244797.53405,29236798.344534945
1589277600,8788,8823.5,8722.5,8782,17103393.45275,28672293.452782445
1589281200,8781.5,8818.5,8727.5,8808,8525073.11475,28035260.64456495
1589284800,8806.5,8825.5,8730,8771,12409611.75985,25122123.39940245
1589288400,8771,8782,8655,8732.5,17901486.47835,23112265.470862452
1589292000,8732.5,8933,8732.5,8891,53850089.3972,21229197.313032452
1589295600,8891,8948.5,8853,8873,31414505.10935,18553963.235097453
1589299200,8873.5,8966,8873.5,8925,27741518.15535,18179359.804837454
1589302800,8924.5,8988,8810,8883,33599684.80965,19090808.107429955
1589306400,8883,8916,8836,8899.5,14925097.39225,19026009.438309956
1589310000,8899.5,8927.5,8771,8793.5,18698791.4216,19308425.348662455
1589313600,8793.5,8845,8774.5,8818,12112996.2347,18312627.948657457
1589317200,8818,8854,8735,8777.5,10068184.8256,18061985.161817458
1589320800,8782.5,8832,8742,8816.5,16121564.98055,18535409.40100246
1589324400,8816.5,8848,8785,8822,12711603.7225,18718386.356002457
1589328000,8821.5,8946,8800,8940.5,30316479.0787,19789559.70773246
1589331600,8940,8962,8898.5,8949,13052790.11195,19900733.379054956
1589335200,8949.5,8985,8883.5,8941,12721766.3915,19915355.276492458
1589338800,8941,8953,8896.5,8914,4923165.3533,19497044.744814955
1589342400,8914.5,8944.5,8872,8932.5,13129101.2598,19328585.029187456
1589346000,8932.5,8944.5,8868.5,8883.5,9622997.55105,18547495.030037455
1589349600,8883.5,8921,8870,8918,9453371.6662,18164993.940709956
1589353200,8918,8923,8859.5,8871,9381790.8464,18207829.827292453
1589356800,8871,8922.5,8830,8913.5,19519139.5189,18563306.215244953
1589360400,8913.5,8939,8898,8920,5758342.15285,17956148.99896995
1589364000,8920,8967,8897.5,8954.5,6641496.26655,15595719.342437452
1589367600,8955.5,9052.5,8929,9038,25112467.418,15280617.45786995
1589371200,9039,9110,8992,9090.5,19633866.3246,14875234.866332447
1589374800,9090.5,9120,9047,9087,25269311.5334,14458716.202519948
1589378400,9086.5,9142.5,9035.5,9089,21244198.55865,14774671.260839948
1589382000,9088,9188.5,9087,9145,25536262.6079,15116544.82015495
1589385600,9147,9175.5,9052,9113.5,22551964.3999,15638493.228414949
1589389200,9115.5,9121.5,9057.5,9091.5,10861415.1843,15678154.74634995
1589392800,9091.5,9113,9076,9081.5,5353504.35775,15139751.71520995
1589396400,9081.5,9169,9079,9161,12122097.80985,15110276.419577446
1589400000,9158.5,9345,9146,9297.5,42076622.19220001,15698283.575252447
1589403600,9296.5,9416,9270.5,9360,36211597.39435001,16856223.939372446
1589407200,9360,9378,9274,9327,11140317.8306,16777151.51132745
1589410800,9327,9360.5,9300,9320,8036075.24465,16932797.00589495
1589414400,9320,9391.5,9292,9306.5,17303722.78195,17141528.08200245
1589418000,9306,9336,9268.5,9278,8598371.60915,17090296.78490745
1589421600,9278,9345.5,9257,9340.5,7766364.3628,17005946.41973745
1589425200,9340.5,9363,9313,9356,3890092.2405,16731361.489442447
1589428800,9356,9356,9303,9321,5108163.0298,16010812.664987449
1589432400,9321,9456,9267.5,9441,32094478.2475,17327619.46971995
1589436000,9446.5,9482,9409,9453,21716183.0456,18081353.80867245
1589439600,9453.5,9556,9415.5,9514,32674786.5885,18459469.767197452
1589443200,9514,9672,9481,9619,44051329.72704999,19680342.937319953
1589446800,9619,9834.5,9617.5,9812,69244728.14465,21879113.76788245
1589450400,9811,9957.5,9594.5,9658.5,110489540.50685,26341380.865292452
1589454000,9658.5,9785,9658.5,9691,37622600.32935,26945697.751364954
1589457600,9691,9717.5,9558,9594,41272718.8856,27881735.475649953
1589461200,9590,9656.5,9549.5,9629.5,30655745.4693,28871451.989899956
1589464800,9629.5,9767,9615,9710,34241036.7908,30315828.611552455
1589468400,9711,9767.5,9668,9759,21318803.4351,30775663.892814953
1589472000,9756,9796,9611,9680.5,32065608.8607,30275113.22623995
1589475600,9680.5,9680.5,9576.5,9625,16475480.71225,29288307.392134946
1589479200,9625,9689,9586.5,9684,11785368.2202,29320559.911614943
1589482800,9684,9731,9652.5,9666.5,11995571.56695,29518534.72772994
1589486400,9668,9887,9600,9660.5,58262510.74715,31566474.125989936
1589490000,9660.5,9787,9612,9780,14258142.65845,31849462.678454936
1589493600,9779.5,9826,9719.5,9758,19395621.15515,32430925.518072437
1589497200,9758,9856.5,9739,9798.5,15281712.7148,33000506.541787438
1589500800,9798.5,9872,9718,9775.5,35973782.49425,34543787.51500993
1589504400,9775.5,9780.5,9717.5,9743,10221410.6664,33450134.135954935
1589508000,9743,9752,9243,9492,116356317.7494,38182140.871144935
1589511600,9492.5,9567.5,9427.5,9480,45278584.55705001,38812330.76957243
1589515200,9478,9511,9430,9443.5,17588267.3605,37489177.65124493
1589518800,9444,9519,9367.5,9503.5,20550156.9944,35054449.09373243
1589522400,9503,9553.5,9496,9549,11324911.77125,30096217.656952433
1589526000,9549.5,9727.5,9541.5,9675,25274419.47975,29478808.614472438
1589529600,9674,9709,9605,9618,24043545.3768,28617349.939032443
1589533200,9617.5,9658,9558,9614.5,14780520.33215,27823588.68217494
1589536800,9613.5,9626,9462,9589,30236150.20755,27623344.353012443
1589540400,9589,9659,9555.5,9593.5,18186074.5639,27466707.909452446
1589544000,9594,9594,9511,9522.5,19292294.3155,26828042.182192445
1589547600,9518.5,9581.5,9480,9545.5,19773278.51765,26992932.072462447
1589551200,9545.5,9622,9545.5,9570,21839554.9324,27495641.40807245
1589554800,9570,9570,9403.5,9477,31980880.9026,28494906.874854952
1589558400,9478.5,9519.5,9449.5,9475,20864509.24115,26625006.79955495
1589562000,9475,9508,9443.5,9479,9818631.0726,26403031.22026245
1589565600,9479,9539.5,9477.5,9493,9724450.8308,25919472.704044953
1589569200,9491,9512.5,9330,9343.5,30216916.43035,26666232.889822453
1589572800,9336.5,9411.5,9111,9250,48503941.21735,27292740.825977456
1589576400,9249.5,9461,9208,9419.5,26145492.2495,28088944.90513246
1589580000,9420,9490,9346,9368.5,14585072.06005,23000382.62066496
1589583600,9367,9395.5,9242,9316,14913373.57655,21482122.071639962
1589587200,9317,9399.5,9217,9396,36222114.64635,22413814.435932465
1589590800,9397,9448.5,9366.5,9412.5,9448567.7862,21858734.975522462
1589594400,9415,9464.5,9384,9433.5,4985373.4456,21541758.05923996
1589598000,9432,9450.5,9392.5,9410.5,3933975.1482,20474735.84266246
1589601600,9409.5,9508.5,9395,9502,12071298.8206,19876123.514852457
1589605200,9499.5,9592.5,9443.5,9459,28247314.82235,20549463.23936246
1589608800,9460,9482.5,9413.5,9470.5,10027996.1502,19539055.536494963
1589612400,9470.5,9507,9365.5,9390,16673658.6729,19463434.74194496
1589616000,9387,9440,9345.5,9423.5,20722693.81595,19534954.71696746
1589619600,9422,9433.5,9310.5,9414.5,10050268.40675,19048804.211422462
1589623200,9414.5,9459.5,9365.5,9453,12614651.07905,18587559.018754963
1589626800,9453,9458,9379,9411.5,8204264.97645,17398728.222447462
1589630400,9411.5,9507.5,9402,9473.5,12440076.5313,16977506.586954962
1589634000,9473.5,9531,9420,9453,10271088.8119,17000129.473919965
1589637600,9453,9492.5,9395,9429.5,8247510.97565,16926282.481162466
1589641200,9429.5,9439.5,9327.5,9372.5,15123170.5137,16171595.185329964
1589644800,9373,9415,9315,9381,16400201.93015,14566408.220969964
1589648400,9379,9402,9285.5,9315,16761922.2822,14097229.722604964
1589652000,9317,9342.5,9260,9285,11470345.7347,13941493.406337464
1589655600,9285,9349.5,9264.5,9327.5,6162432.39295,13503946.347157463
1589659200,9327.5,9391.5,9293,9380,7807535.5428,12083217.391979964
1589662800,9383,9428,9351,9380.5,10026259.68025,12112101.986682463
1589666400,9380.5,9442,9358.5,9423.5,4120644.38325,12068865.533564964
1589670000,9423.5,9436,9365,9381.5,3884426.44555,12066388.098432463
1589673600,9381.5,9519.5,9323.5,9481,14042316.77745,12164938.996274963
1589677200,9481,9523,9435,9473.5,14153174.50795,11460231.980554964
1589680800,9470.5,9556.5,9470.5,9512.5,7140744.2342,11315869.384754963
1589684400,9512.5,9571,9497.5,9540,4309454.5499,10697659.178604964
1589688000,9540.5,9568.5,9501,9507,5506384.1807,9936843.696842464
1589691600,9507,9527.5,9467.5,9492.5,5180089.66375,9693334.759692464
1589695200,9492,9553,9492,9544.5,6210242.9821,9373114.354844963
1589698800,9544.5,9563.5,9503,9537.5,7798122.0542,9352807.208732463
1589702400,9537.5,9553.5,9476.5,9489,15037919.1125,9482699.337792464
1589706000,9489,9511,9453,9487.5,8134920.52125,9375890.923259964
1589709600,9487.5,9536.5,9487.5,9531,4332251.0208,9180127.925517464
1589713200,9531,9532.5,9492.5,9526,3221683.8263,8585053.591147464
1589716800,9526,9785,9525.5,9776,48078480.14135,10168967.501707463
1589720400,9777,9798.5,9693,9748.5,13557339.157,10008738.345447462
1589724000,9748.5,9838.5,9728.5,9817.5,19676680.0029,10419055.058857463
1589727600,9815,9900,9764,9828,35618485.46645,11891857.712532464
1589731200,9828,9847.5,9703.5,9742.5,27463855.63855,12874673.717319962
1589734800,9742.5,9775.5,9720.5,9764.5,15753903.8328,13161055.924947461
1589738400,9764.5,9765.5,9707,9751.5,6362441.9166,13273145.80161496
1589742000,9751.5,9795,9732.5,9771.5,5465839.78805,13352216.46873996
1589745600,9771.5,9771.5,9720,9739.5,5044642.85265,12902332.772499962
1589749200,9739.5,9793.5,9739.5,9763.5,5285541.5968,12458951.126942461
1589752800,9763.5,9764,9599.5,9691.5,27618254.2478,13482826.627622461
1589756400,9689,9728.5,9657.5,9678,7107416.18135,13622724.709194962
1589760000,9677.5,9788,9677.5,9776,26283439.58965,14661577.47964246
1589763600,9775.5,9969.5,9760.5,9910,40406319.4929,16422888.971099962
1589767200,9910,9934,9828.5,9872,25834317.50255,17404092.697122462
1589770800,9872,9894,9818,9865.5,11555521.5736,17591962.673092462
1589774400,9865.5,9947,9836,9872,23361933.473,18008163.39111746
1589778000,9872,9903.5,9854,9865,16119683.2383,18407401.52696996
1589781600,9862.5,9888,9725.5,9777.5,29504530.2451,19666015.488184962
1589785200,9777.5,9810.5,9730.5,9785.5,17077987.95385,20358830.694562458
1589788800,9784.5,9794,9388,9583.5,56545194.49405,20782166.41219746
1589792400,9586.5,9610.5,9531,9577,18705464.90025,21039572.69935996
1589796000,9577,9660,9566.5,9628.5,20555772.2815,21083527.31328996
1589799600,9628.5,9697.5,9624.5,9625,11155765.8583,19860391.332882456
1589803200,9629,9679,9563.5,9664,18762749.61345,19425336.031627458
1589806800,9664,9693,9632,9657,9753515.7091,19125316.625442456
1589810400,9656.5,9735,9628.5,9706.5,21079634.5004,19861176.254632458
1589814000,9705,9720,9635,9663,20407601.82955,20608264.35670746
1589817600,9663,9704,9595.5,9631,22884111.24165,21500237.77615746
1589821200,9631,9653,9525,9618.5,22140448.4002,22342983.116327457
1589824800,9618.5,9663,9606.5,9652.5,13676508.1569,21645895.811782457
1589828400,9652.5,9719,9652,9697,15783576.9229,22079703.84885996
1589832000,9696.5,9722.5,9646,9678.5,10477549.6643,21289409.35259246
1589835600,9679.5,9724,9671,9681.5,5441730.25445,19541179.890669964
1589839200,9681.5,9746,9664,9717.5,6506868.38815,18574807.43494996
1589842800,9717.5,9760,9695,9731,9198490.219,18456955.867219962
1589846400,9731,9738.5,9568,9634.5,26073841.3173,18592551.25943496
1589850000,9633.5,9660.5,9621.5,9646,6868829.94215,18130008.594627462
1589853600,9646,9650,9524.5,9610,22391451.1969,17774354.64221746
1589857200,9608.5,9630,9457.5,9524,30404147.90865,18440662.639957458
1589860800,9524,9566,9458,9526,19109888.69305,16568897.349907458
1589864400,9526.5,9600.5,9514,9594.5,12092727.19015,16238260.464402458
1589868000,9595,9617.5,9575.5,9579.5,8369847.6122,15628964.23093746
1589871600,9579,9617,9550,9568.5,11304209.0291,15636386.389477462
1589875200,9571,9835.5,9567.5,9807.5,60215903.58365,17709044.08798746
1589878800,9807.5,9819.5,9770.5,9791.5,16223145.3226,18032525.56866246
1589882400,9791.5,9808,9754,9795.5,13706412.53365,17663864.47032496
1589886000,9795.5,9907.5,9687,9755,50074406.26470001,19147204.692082457
1589889600,9752.5,9760,9550,9621,47147924.65005,20360395.36250246
1589893200,9621,9686,9583,9670.5,40099010.9312,21258323.489052456
1589896800,9671,9741,9663.5,9695.5,19872652.36745,21568130.699579958
1589900400,9695.5,9738.5,9638,9685,23250293.5849,21941466.532679956
1589904000,9685,9730.5,9660,9699,27021580.3217,22768668.065549955
1589907600,9698.5,9718,9613,9659,12278161.89685,23110489.647669952
1589911200,9662.5,9724.5,9650.5,9701,6670750.7363,23118683.765077453
1589914800,9701,9723,9636.5,9647,8344754.6498,23075996.986617453
1589918400,9649.5,9703.5,9621,9693.5,3910706.967,21967840.269102454
1589922000,9693.5,9702.5,9666,9688.5,2365718.611,21742684.702544954
1589925600,9688.5,9778,9661,9762,8565976.3735,21051410.961374953
1589929200,9761.5,9799,9710.5,9783,13321517.759,20197279.453892455
1589932800,9783,9813.5,9737.5,9750,15101409.97055,19996855.51776745
1589936400,9750,9776,9740,9751.5,4409032.29115,19612670.77281745
1589940000,9751.5,9754,9713.5,9740,7067818.87335,19547569.335874952
1589943600,9740,9781,9718.5,9726.5,7943302.8861,19379524.02872495
1589947200,9726.5,9756.5,9697,9737.5,6513168.1174,16694387.25541245
1589950800,9739,9757.5,9720.5,9754.5,6617842.55255,16214122.116909951
1589954400,9754.5,9847,9609,9723,37698587.29520001,17413730.85498745
1589958000,9723.5,9790,9699.5,9766.5,12865763.55555,15553298.719529951
1589961600,9765.5,9800,9745.5,9780,11018212.4812,13746813.11108745
1589965200,9779.5,9800.5,9748.5,9789.5,8501464.7498,12166935.802017452
1589968800,9790,9811.5,9728.5,9775,12821402.1754,11814373.292414952
1589972400,9775,9783,9712,9726.5,7634307.01985,11033573.96416245
1589976000,9728.5,9792,9719,9768.5,12463052.5724,10305647.57669745
1589979600,9768.5,9795.5,9740.5,9790,12465831.10975,10315031.037342452
1589983200,9795,9801,9765,9768,8134141.7022,10388200.585637452
1589986800,9767.5,9767.5,9283.5,9402.5,89887079.89270002,14465316.847782454
1589990400,9401,9519.5,9338.5,9487.5,52981071.13325,16918835.056094952
1589994000,9487.5,9539,9431.5,9530.5,25021885.09435,18051643.380262453
1589997600,9529.5,9539.5,9496.5,9525,9552131.99565,18100951.161369953
1590001200,9525,9537.5,9479.5,9526,12190360.40115,18044393.293477453
1590004800,9526.5,9603.5,9508,9587,13018894.2023,17940267.505064953
1590008400,9586.5,9586.5,9536,9549.5,4878811.13635,17963756.447324954
1590012000,9549,9567.5,9500,9524.5,6786970.6364,17949714.035477452
1590015600,9524.5,9546,9430.5,9508.5,13727724.13695,18238935.09801995
1590019200,9508.5,9574.5,9463,9553,14846499.0629,18655601.645294953
1590022800,9553,9556.5,9504.5,9512.5,2410686.592,18445243.847267453
1590026400,9511,9528,9454,9469.5,6147788.2204,16867703.893527452
1590030000,9468,9496,9444,9477.5,6394589.40005,16544145.185752451
1590033600,9477.5,9491,9410,9477.5,6734399.7161,16329954.547497451
1590037200,9478.5,9515,9474.5,9495,3028689.9381,16056315.806912448
1590040800,9495,9525.5,9480,9482,2080932.8986,15519292.343072448
1590044400,9481.5,9487.5,9437,9448,5652927.4036,15420223.362259945
1590048000,9450.5,9497,9256,9367.5,31400202.2055,16367080.843914947
1590051600,9367,9429.5,9289.5,9293.5,13574172.0828,16422497.892567446
1590055200,9288,9370,9200,9366,20906533.37615,17061117.476264946
1590058800,9367.5,9381.5,9330.5,9376,7584182.3852,12945972.600889947
1590062400,9380.5,9389,9315,9352.5,9843035.1386,10789070.801157448
1590066000,9352,9382.5,9244,9285.5,27745181.09055,10925235.600967448
1590069600,9288,9313,8934,9077,103118468.53199999,15603552.427784946
1590073200,9075.5,9145,9044.5,9080.5,24101832.95895,16199126.055674946
1590076800,9081,9123.5,9042,9072.5,18998784.75605,16498120.583362445
1590080400,9072,9099.5,8963,8998,16847526.40155,17096556.346622445
1590084000,8998,8998,8800,8831,46831271.29825,19098771.379714947
1590087600,8822.5,9089.5,8808.5,9056,25978001.88005,19711285.266869947
1590091200,9058.5,9075.5,9003,9052.5,5108390.9322,19224379.860334948
1590094800,9048.5,9141.5,9045.5,9100,12682586.05325,19737974.833397448
1590098400,9100,9158,9096,9118.5,4922661.50245,19676718.49749995
1590102000,9118,9125.5,9030.5,9059.5,9777140.32815,19845846.04390495
1590105600,9062.5,9062.5,8965.5,9023.5,31856275.07865,21101939.81203245
1590109200,9023.5,9130,9020.5,9084,14125173.62245,21656763.99624995
1590112800,9086.5,9120,9032,9035.5,4957473.88945,21800591.045792453
1590116400,9034.5,9066,8957,8988,10460008.20275,22040945.085749954
1590120000,8988,9033,8924,8990.5,12699715.87225,21105920.769087456
1590123600,8991.5,9074.5,8957.5,9042.5,13954475.89845,21124935.95986996
1590127200,9044,9097,9029.5,9083,10445835.99615,20601901.090869956
1590130800,9084,9118,9052.5,9073.5,19371357.36235,21191259.839727454
1590134400,9076.5,9109,9041,9085,8936539.1511,21145935.040352456
1590138000,9085,9108,9035,9107.5,25849922.6653,21051172.119089954
1590141600,9107,9190,9107,9162,19174668.3548,16853982.110229954
1590145200,9161,9186,9130,9163,9615394.1996,16129660.172262454
1590148800,9163,9201,9139.5,9167,15145065.6233,15936974.215624955
1590152400,9167,9175.5,9082,9112.5,8442123.6587,15516704.078482455
1590156000,9112.5,9168,9112.5,9136,6086479.1599,13479464.471564954
1590159600,9135.5,9224,9135.5,9219.5,10178371.5383,12689482.954477454
1590163200,9223,9250,9181,9246.5,14951691.5188,13181647.983807454
1590166800,9245.5,9266,9170,9193.5,9967100.4012,13045873.701204952
1590170400,9194,9225.5,9172,9200.5,4088613.0348,13004171.277822454
1590174000,9200.5,9220,9141.5,9176.5,8405122.0204,12935570.362434952
1590177600,9176.5,9211,9132.5,9182,7342425.34745,11709877.875874951
1590181200,9180,9208,9161,9206,6684628.1775,11337850.603627453
1590184800,9208,9214,9173,9196,5461205.3021,11363037.174259951
1590188400,9196,9196.5,9132,9167.5,4968256.4294,11088449.585592452
1590192000,9167.5,9255,9167.5,9244,12897437.49395,11098335.666677453
1590195600,9244,9273,9226,9239.5,3675758.8018,10584399.811844954
1590199200,9239.5,9295.5,9237,9272,3662472.8012,10245231.652097454
1590202800,9272,9310,9272,9287,4360858.20215,9494706.694087455
1590206400,9287,9303.5,9241,9256,4772589.6596,9286509.219512453
1590210000,9253.5,9268,9232.5,9263,3289826.19595,8158504.396044953
1590213600,9262,9263,9213.5,9244,5475665.1883,7473554.237719953
1590217200,9244.5,9269.5,9226.5,9255,2463807.8589,7115974.920684953
1590220800,9254.5,9255,9163,9191,7612697.3489,6739356.506964954
1590224400,9189,9202,9103,9139.5,8759219.34695,6755211.291377453
1590228000,9139.5,9151,9097,9140.5,9854833.2042,6943628.993592453
1590231600,9140,9190,9130,9175.5,5090667.66255,6689243.799804953
1590235200,9175.5,9175.5,9080,9132,9526797.5841,6417999.103069953
1590238800,9132,9176,9116.5,9152,4922280.7784,6165758.121929953
1590242400,9152,9220,9137.5,9198.5,6049872.84605,6263821.112492453
1590246000,9198.5,9211.5,9171,9198.5,3341141.6416,6010622.093552453
1590249600,9200,9209.5,9137.5,9173,4814245.646,5884213.108479952
1590253200,9172.5,9199,9158,9179,1782020.1198,5639082.705594953
1590256800,9179,9204.5,9148,9163,5375765.7223,5634810.7266049525
1590260400,9163,9197,9119,9183,6156359.4681,5694215.878539952
1590264000,9183,9252,9164.5,9230.5,6426746.7952,5370681.343602453
1590267600,9231.5,9239,9211,9227.5,1993599.80575,5286573.393799953
1590271200,9227.5,9247.5,9213.5,9228,704963.53175,5138697.930327453
1590274800,9228,9231.5,9151,9176,4053371.5245,5123323.596444952
1590278400,9176,9213,9112,9201,6445208.5985,5206954.543389952
1590282000,9201,9213.5,9173.5,9174.5,1309953.2547,5107960.896327453
1590285600,9174.5,9233,9174.5,9200.5,2497355.05915,4959045.389869953
1590289200,9200.5,9216,9183.5,9194.5,1816955.1568,4926702.754764953
1590292800,9194.5,9222,9192.5,9192.5,619503.4397,4577043.059304952
1590296400,9193,9215,9185,9205,1405967.86955,4209380.485434952
1590300000,9209,9303,9205.5,9277,11463845.7372,4289831.112084952
1590303600,9278.5,9293.5,9246,9260,4544715.76765,4262533.517339951
1590307200,9260,9275,9241.5,9263.5,2484596.2771,3910423.4519899515
1590310800,9263.5,9303,9260,9273,3215619.32805,3825090.3794724518
1590314400,9273,9291,9253,9269,2639989.59795,3654596.2170674517
1590318000,9269,9269,9075,9115,32730962.09525,5124087.239749951
1590321600,9111.5,9181.5,9087.5,9156.5,17490973.90405,5757923.652652452
1590325200,9157.5,9157.5,9040,9086,16025132.712,6470079.282262451
1590328800,9075.5,9091.5,9001,9070.5,16004872.0809,7001534.600192452
1590332400,9069.5,9090.5,9020,9052,8983602.31075,7142896.742324951
1590336000,9051,9051,8841,8937.5,49282535.88015,9285686.19657245
1590339600,8935.5,8986.5,8919,8944,12678294.43865,9819920.928217452
1590343200,8944,8976.5,8889,8937,7884357.67995,10178890.635627452
1590346800,8935.5,9040,8934,9016,9566202.12605,10454532.16570495
1590350400,9015,9041.5,8980.5,9001,16201089.9643,10942326.23399495
1590354000,9001,9091.5,8998,9055.5,7668098.4352,11260233.49301995
1590357600,9055.5,9063.5,9018,9040.5,7800451.0393,11525388.29202745
1590361200,9040.5,9051.5,8680,8707.5,45637558.9857,13716418.483472452
1590364800,8708.5,8817.5,8625,8804.5,51293830.52954999,16250134.837964952
1590368400,8802.5,8803.5,8758.5,8788.5,8942129.59475,16626942.924224952
1590372000,8788.5,8812,8759.5,8786.5,5908410.81535,16349171.17813245
1590375600,8786.5,8792,8738,8781,5870466.11975,16415458.695737451
1590379200,8782.5,8812,8766.5,8805,5786006.1709,16580529.190427449
1590382800,8805,8817,8756,8777.5,5652537.5963,16702375.103839949
1590386400,8777.5,8810,8760,8785.5,2654413.48335,16703096.298109949
1590390000,8785.5,8869,8770,8861.5,6912117.75105,15412154.080899948
1590393600,8863,8876.5,8816,8816,4777678.70645,14776489.321019948
1590397200,8816,8872,8704,8749,18425900.26045,14896527.698442448
1590400800,8749,8790.5,8665.5,8682,17455637.7762,14969065.983207446
1590404400,8679.5,8761,8658,8745.5,11520066.47885,15095889.191612447
1590408000,8745.5,8780.5,8730,8753,8131876.25615,13038356.210412446
1590411600,8756.5,8838,8723.5,8807,10985985.9353,12953740.785244947
1590415200,8808,8855,8731.5,8750,14856469.34715,13302346.368604949
1590418800,8751.5,8798.5,8735.5,8776,8935448.48675,13270808.68663995
1590422400,8777,8847,8754,8804,14918982.38125,13206703.30748745
1590426000,8804,8923.5,8790.5,8894,22817274.40835,13964162.106144954
1590429600,8894.5,8909.5,8851,8884,42031069.4722,15675693.02778995
1590433200,8884,8977.5,8870,8929,18835976.93165,14335613.925087448
1590436800,8929,8946.5,8902.5,8912,4107563.95115,11976300.596167449
1590440400,8912,8925.5,8868,8899,3169670.79165,11687677.65601245
1590444000,8899,8920,8865,8901,2729095.0093,11528711.86570995
1590447600,8901,8937,8887.5,8894.5,3777825.5438,11424079.83691245
1590451200,8897,8921.5,8820,8860,20617081.12285,12165633.58450995
1590454800,8862,8891,8855.5,8880,6424997.26275,12204256.567832451
1590458400,8880,8913.5,8871,8877.5,5535741.51325,12348322.96932745
1590462000,8877.5,8927,8867.5,8899,3675149.3238000013,12186474.54796495
1590465600,8899,8906,8884.5,8903.5,1403448.9377000001,12017763.059527451