time,open,high,low,close,Volume,Volume MA
1587834000,7556.15,7566.41,7527.9,7548.98,70.58066482,192.9507414
1587837600,7548.98,7553.9,7533.53,7542.35,72.04974753,185.3999291
1587841200,7540.07,7559.75,7522.76,7547.56,151.9492128,190.0413865
1587859200,7565,7575,7550.8,7566.73,37.70905706,184.6988408
1587862800,7568.22,7590.88,7557.1,7566.31,73.40395455,184.2773167
1587866400,7566.31,7586.04,7556.88,7570.23,67.46226587,183.7213277
1587870000,7570.09,7580.23,7554.79,7580.23,30.18385639,182.6338808
1587873600,7577.13,7579.34,7549.15,7566.53,42.42162274,182.2191508
1587877200,7565.53,7566.22,7537.56,7538.5,47.88184734,177.0734837
1587880800,7537.56,7558.54,7534,7557.72,21.22560318,168.8175384
1587884400,7556.12,7569,7541.38,7553.68,32.00992427,158.0831036
1587888000,7554.65,7560.25,7535.2,7552.44,286.3576402,158.4371125
1587891600,7554.44,7603.01,7552.47,7587.56,171.4550485,158.4494481
1587895200,7587.53,7672.26,7576.91,7648.32,405.3164404,173.649925
1587898800,7654.79,7692.81,7619.35,7669.65,301.5158876,174.2192587
1587902400,7674,7682.5,7633.47,7653.67,284.0375292,185.0943508
1587906000,7655.68,7718,7632.62,7700.47,591.9866833,206.6338328
1587909600,7699.99,7714.25,7633.26,7644.27,232.0372849,207.1547945
1587913200,7646,7648.29,7485,7549.51,1139.252165,217.8675367
1587916800,7545.19,7595.63,7535.37,7573.64,147.3392153,210.3087826
1587920400,7571,7600,7557,7589.77,130.2451919,213.2920089
1587924000,7581.87,7637.65,7572.01,7628.02,203.532917,219.8661674
1587927600,7630.67,7663,7613.02,7659,141.3389882,219.3356561
1587931200,7665.05,7665.18,7631.14,7657.77,122.583951,223.5794008
1587934800,7656.29,7665.18,7625.02,7643.19,319.9708215,235.9077442
1587938400,7641.18,7650,7591.99,7619.69,204.1152182,242.7403918
1587942000,7618.96,7708.28,7618.16,7701.73,214.1577045,251.9390842
1587945600,7708.87,7788.23,7707.72,7759.78,614.9230383,280.564155
1587949200,7761.22,7813.68,7655.99,7705.07,906.2780366,323.4839645
1587952800,7701,7747.31,7695.5,7742.47,104.9554671,327.6704576
1587956400,7748.36,7764.99,7729.24,7738.76,167.26045,334.4329839
1587960000,7738.59,7752,7704.41,7747.47,72.35921655,323.7330628
1587963600,7746,7758.48,7692.81,7706.33,235.8575517,326.9531879
1587967200,7712.13,7732.88,7646.82,7665.39,391.3522079,326.2549763
1587970800,7660.76,7710,7639.8,7702.87,235.0999605,322.9341799
1587974400,7706.68,7752.43,7689.88,7712.47,384.6143751,327.9630222
1587978000,7717.19,7790.26,7686,7716.25,455.5712377,321.1422499
1587981600,7716.25,7728.9,7680,7704.3,231.2376028,321.1022658
1587985200,7704.3,7739.07,7692.66,7724.27,118.5906388,270.0691895
1587988800,7732.16,7739.07,7684.24,7710.32,203.1647476,272.8604661
1587992400,7706.76,7717.45,7637.65,7706.93,463.6612028,289.5312667
1587996000,7702.63,7705.73,7637.03,7683.45,463.8715385,302.5481978
1587999600,7678.54,7708.04,7661.87,7689.92,156.7878205,303.3206394
1588003200,7684.73,7701,7663.46,7678.4,208.9978399,307.6413338
1588006800,7677.18,7685.37,7646.82,7671.62,199.7895339,301.6322694
1588010400,7672.64,7726.95,7669.55,7717.62,164.4617852,299.6495978
1588014000,7721.69,7733.15,7700,7715.09,416.1667151,309.7500483
1588017600,7715.09,7725.89,7692.4,7708.39,67.35528726,282.3716608
1588021200,7706.08,7780,7703.74,7741.82,267.2717247,250.4213452
1588024800,7739.91,7785,7726.26,7776.55,121.8011858,251.2636311
1588028400,7784.51,7795,7752.91,7786.41,226.5933736,254.2302773
1588032000,7794.22,7798.42,7734.55,7747.64,188.7950155,260.0520672
1588035600,7752.57,7764.36,7694.85,7700,398.677997,268.1930895
1588039200,7701.87,7717.87,7675.96,7715.58,490.4611229,273.1485353
1588042800,7715.59,7722.53,7688.29,7712.94,324.6358342,277.6253289
1588046400,7712.26,7718,7670,7695.96,478.7141315,282.3303168
1588050000,7698.49,7711.63,7676.02,7704.89,416.5354677,280.3785283
1588053600,7705.16,7735,7650,7725.05,796.465312,308.6399137
1588057200,7718.66,7723.22,7700,7715.69,72.02567665,306.3116656
1588060800,7712.06,7715.63,7687.97,7697,86.61556847,300.4842067
1588064400,7695.24,7760,7695.2,7757.98,308.9881809,292.7505556
1588068000,7756.31,7770.52,7727.23,7757,138.6187105,276.4879142
1588071600,7759.46,7761.61,7740.01,7741.67,150.4577115,276.1714087
1588075200,7743.77,7775.09,7722.35,7771.79,273.6000733,279.4015204
1588078800,7771,7775,7735.8,7738.25,371.6170069,287.992894
1588082400,7738.26,7755.14,7688.65,7695.8,592.0560772,309.3726086
1588086000,7693.79,7739.62,7664.84,7728.32,740.7451192,325.6015288
1588089600,7727.94,7752.32,7712.7,7738.85,248.0994911,334.638739
1588093200,7733.43,7753.88,7719.64,7743.24,214.6003269,332.0051691
1588096800,7741.06,7754.4,7734.75,7749,134.6756302,332.6488914
1588100400,7749.1,7760,7713.52,7728.01,300.953028,336.3668741
1588104000,7728.16,7750.95,7711.48,7738.23,135.8851382,333.7213802
1588107600,7734.86,7747.99,7718.74,7736.24,83.65292566,317.9701266
1588111200,7744.1,7772.75,7729.2,7762.78,131.4439973,300.0192704
1588114800,7761.9,7782.89,7751.27,7767.79,170.6364268,292.3193
1588118400,7762.07,7782.08,7742.58,7745.06,117.0220689,274.2346969
1588122000,7743.04,7775.8,7743.04,7769.04,619.5706756,284.3864573
1588125600,7774.1,7889,7717.14,7793.54,1319.582043,310.5422938
1588129200,7793.94,7844.51,7793.94,7824.25,408.0960908,327.3458145
1588132800,7827.31,7856.98,7814,7849.44,622.5029708,354.1401846
1588136400,7858.98,7888,7843.44,7875,360.2559777,356.7035745
1588140000,7873.75,7978.83,7846.68,7960.84,822.971733,390.9212256
1588143600,7964.01,7980,7924,7961.2,831.7512667,424.9859033
1588147200,7960.06,8001,7941.97,7960.56,879.6572123,455.2887603
1588150800,7960.84,8013.28,7950.53,7997.95,495.0773968,461.4617798
1588154400,8000,8190.86,7983.1,8133.44,2234.147644,543.5663581
1588158000,8135.03,8200,8120.77,8147.58,1279.846542,570.5214293
1588161600,8152.07,8274.83,8140.69,8261.78,1212.252263,618.7290679
1588165200,8271,8410,8271,8313.42,3001.190387,758.0585709
1588168800,8317.71,8375,8281.34,8369.5,929.1287818,797.7812285
1588172400,8364.76,8394.07,8302,8372.73,1036.958399,834.581497
1588176000,8380,8788,8349.41,8597.29,2706.072587,963.0908695
1588179600,8609.89,8970,8599.67,8715.65,2258.797406,1071.848094
1588183200,8713.02,8754.32,8560.03,8633.24,1483.108311,1139.431309
1588186800,8633.25,8790,8629.87,8726.3,1005.848871,1181.191931
1588190400,8737.55,8945.19,8711.55,8929.05,907.3439974,1220.708028
1588194000,8929.13,8950,8774.47,8875.28,819.1603188,1230.68751
1588197600,8861.54,8861.54,8692.87,8764.11,626.7665582,1196.046736
1588201200,8768.74,8800,8710.81,8790.32,418.9876541,1196.591314
1588204800,8789.79,8825.19,8721.03,8816.63,271.1233508,1179.022333
1588208400,8822.08,8881.96,8799.12,8854.54,342.9812978,1178.158599
1588212000,8854.56,8977.02,8821.57,8959.38,530.7346693,1163.546746
1588215600,8955.26,9300,8840.75,9292.88,3054.41972,1274.680168
1588219200,9292.88,9297.69,9011.77,9171.89,1297.260232,1295.560319
1588222800,9176.95,9419,9169.65,9369.11,978.1537514,1319.714137
1588226400,9369.11,9485.26,9260.22,9325.6,1215.848737,1268.799192
1588230000,9320.8,9346.63,8851.58,9191.32,1538.121981,1281.712964
1588233600,9182.58,9230.12,9092.17,9115.05,551.702004,1248.685451
1588237200,9118.81,9118.81,8643.01,8660.18,2865.93512,1241.922687
1588240800,8660.18,8909.54,8537,8900.55,1453.723204,1268.152409
1588244400,8896.3,8964.59,8837.38,8845.09,877.0797044,1260.158474
1588248000,8853.29,8924.52,8705,8764.47,599.362692,1154.822979
1588251600,8762.53,8872.57,8719.59,8861.2,386.6072322,1061.21347
1588255200,8870.61,8910.64,8789.24,8839.36,383.287156,1006.222413
1588258800,8840.3,8864.98,8741.54,8787.14,661.6926459,989.0146013
1588262400,8779.33,8795,8614.76,8689.28,1050.34527,996.164665
1588266000,8688.6,8722.76,8407,8557.65,1577.677697,1034.090534
1588269600,8564.73,8736.05,8563.61,8671.27,1429.521673,1074.22829
1588273200,8672.2,8856.97,8664.84,8847.01,1217.757115,1114.166763
1588276800,8845.12,8912.39,8693.21,8823.08,713.0484308,1136.263017
1588280400,8822.59,8855.95,8741.54,8764.47,237.6598036,1130.996942
1588284000,8764.79,8780.2,8632.73,8764.55,440.3543288,1126.477925
1588287600,8769.38,8784.22,8587,8627.32,383.3415193,992.9240149
1588291200,8629.72,8742.39,8616.17,8713.48,245.4650208,940.3342543
1588294800,8718.29,8768.96,8658.9,8665.62,170.773692,899.9652513
1588298400,8660,8737.98,8658.87,8729.77,62.7779311,842.311711
1588302000,8734.91,8744.67,8662.59,8669.7,124.6569122,771.6384576
1588305600,8678.82,8803.3,8677.28,8798.54,237.9755581,755.9521353
1588309200,8790.69,8841.75,8763.02,8812.91,185.2859746,621.919678
1588312800,8813.06,8813.06,8748.5,8759.27,234.4038436,560.95371
1588316400,8764.27,8786.69,8711.13,8780.32,479.9208638,541.095768
1588320000,8781.57,8819.92,8754,8801.5,327.9788777,527.5265773
1588323600,8802.56,8867.92,8777.48,8858.42,502.4049534,533.3164633
1588327200,8860.05,8913.66,8824.18,8905.1,287.5573387,528.5299725
1588330800,8912.13,9075,8884,9015.02,1327.954597,561.84307
1588334400,9007.48,9031.66,8825,8880,972.9972095,557.975667
1588338000,8891.73,8934.15,8776.37,8801.67,810.6478973,519.624177
1588341600,8799.7,8849.78,8714,8825.8,1333.401365,514.8181617
1588345200,8825.8,8870.72,8728.54,8732.67,821.7977821,495.020195
1588348800,8732.51,8765.58,8664.31,8739.12,957.4907274,507.2423098
1588352400,8731.78,8772.39,8686.9,8764.74,451.6843049,517.9435349
1588356000,8766.21,8788.12,8722.55,8747.12,275.2194926,509.6867931
1588359600,8727.01,8773.67,8700.84,8739.46,262.4727441,503.6433543
1588363200,8730.83,8753.41,8672.38,8734.91,428.0312769,512.7716671
1588366800,8737.52,8857.42,8733.95,8844.6,359.5894306,522.2124541
1588370400,8855.69,8870,8805.35,8841.73,199.0334666,529.0252308
1588374000,8840,8905,8806.59,8832.44,320.1644814,538.8006093
1588377600,8836,8856.38,8770.9,8834.2,124.357071,533.1196849
1588381200,8839.26,8840.14,8777.15,8794.97,71.9538047,527.4530764
1588384800,8793.69,8845.46,8760,8822.37,62.12569367,518.8391689
1588388400,8812.93,8866.62,8804.16,8836.64,84.75975274,499.0811134
1588392000,8836.55,8861.27,8793.34,8825.8,75.40298225,486.4523186
1588395600,8823.22,8838.43,8791.36,8818.83,337.3778153,478.2009617
1588399200,8820.1,8854.06,8820.1,8833.3,93.60018126,468.5031038
1588402800,8826,8837.77,8783.05,8801.7,288.223293,416.5165386
1588406400,8800.07,8827.54,8775.01,8783.08,133.221997,374.527778
1588410000,8776.51,8834.01,8776.51,8819.3,59.4060187,336.9656841
1588413600,8819.3,8857,8812.25,8831.81,137.4818665,277.1697091
1588417200,8838.47,8906,8838.47,8848.8,313.6475672,251.7621984
1588420800,8857.88,8956,8857.88,8872.32,590.3748245,233.4064032
1588424400,8873.78,8922.03,8862.54,8908.9,101.3017547,215.8872757
1588428000,8913.76,8966.25,8899.32,8935.62,275.8708102,215.9198416
1588431600,8933.42,8977,8900.68,8951.57,220.6597681,213.8291928
1588435200,8950.25,9022,8936.25,8991.78,972.4079196,241.048025
1588438800,8990.79,9007.8,8952.33,8980.6,437.7964965,244.9583782
1588442400,8977.41,8977.41,8812.43,8870.67,410.3812046,255.5257651
1588446000,8865.06,8883.58,8830.25,8874.49,154.08873,247.2219776
1588449600,8881.27,8940.84,8859.18,8940.56,81.94553228,245.1014006
1588453200,8941.54,8948.35,8886.11,8933.38,106.542306,246.8308257
1588456800,8933.7,8951.03,8904.77,8939.96,140.0816756,250.7286248
1588460400,8933.61,8990,8930.36,8983.79,251.2664341,259.0539589
1588464000,8982.56,9176.19,8945,9128.54,883.942138,299.4809167
1588467600,9136.59,9207.82,9062.44,9125.12,917.9349236,328.5087721
1588471200,9117.05,9163.44,9081.07,9084.28,347.1063242,341.1840792
1588474800,9081.07,9167.65,9081.07,9139.89,220.9920375,337.8225164
1588478400,9149.79,9159.88,9110.04,9114.74,227.7969417,342.5512637
1588482000,9114.74,9140.57,9085,9100.7,231.0809208,351.1350088
1588485600,9099.78,9099.78,8910,9011.92,532.6871647,370.8952737
1588489200,9007.51,9042.42,8983.49,8998.91,520.1043685,381.2181138
1588492800,8992.78,9055,8972.86,9045.04,314.5507569,367.4269104
1588496400,9039,9130,9033.88,9114.92,191.7128532,371.9474653
1588500000,9114.97,9145.57,8950.84,9042.41,544.7961131,385.3937305
1588503600,9038.49,9108.38,9014.72,9048.21,409.6825622,394.8448702
1588507200,9044.02,9073.7,8822,8962.82,765.7792817,384.5134383
1588510800,8953.98,8962.05,8830,8936.77,421.8226932,383.7147481
1588514400,8921.22,8923.73,8750,8774.43,746.6076535,400.5260705
1588518000,8763.78,8849.75,8723.78,8820.88,497.8430406,417.7137861
1588521600,8815.77,8891.65,8786.4,8862.53,192.5248817,423.2427535
1588525200,8852.11,8898.21,8784.62,8826.63,137.2835192,424.7798142
1588528800,8821.66,8873.79,8810.4,8850.01,91.47961878,422.3497114
1588532400,8846.81,8912.55,8844.39,8880.18,108.3843404,415.2056067
1588536000,8868.08,8888.86,8793.81,8847.98,142.9706747,378.1570335
1588539600,8842.63,8913.09,8800.96,8855.63,77.17221466,336.1188981
1588543200,8856.85,8967.86,8856.85,8911.46,393.1763545,338.4223996
1588546800,8917.04,8933.02,8868.15,8915.98,300.8435316,342.4149743
1588550400,8924.14,8947.95,8772.49,8818.73,426.1506022,352.3326573
1588554000,8827.08,8844.68,8633,8692.03,987.6772836,390.1624754
1588557600,8698,8782.88,8687.54,8748.77,196.809386,373.3685865
1588561200,8743.69,8775.74,8703.59,8733.22,115.7861326,353.1526747
1588564800,8737.02,8752.44,8637.58,8694.21,270.7244014,350.9613569
1588568400,8695.8,8707.56,8528.42,8615,624.8241619,372.6169224
1588572000,8609.53,8660.57,8591.85,8637,308.597915,360.8070125
1588575600,8634.1,8684.93,8582.01,8668.82,238.3261197,352.2391903
1588579200,8662.76,8732.51,8656.19,8704.04,358.3826177,331.8693571
1588582800,8696.93,8713.02,8602.33,8638.6,472.3268068,334.3945628
1588586400,8637.09,8684.79,8612.18,8638.96,207.4058698,307.4344736
1588590000,8636,8709.95,8626.7,8693.6,198.0881187,292.4467275
1588593600,8691.11,8764.22,8661.86,8732.44,640.6434401,314.8526555
1588597200,8728.1,8855.83,8728.1,8836.47,607.7154246,338.3742507
1588600800,8848.56,8873.97,8785,8786.97,700.9872724,368.8496334
1588604400,8792.36,8862.36,8792.36,8862.36,239.6060067,375.4107167
1588608000,8862.99,8904.32,8805.98,8839.15,495.1750494,393.0209355
1588611600,8847.38,8860,8750.02,8810.89,537.8386261,416.054256
1588615200,8814.3,8887.16,8802.64,8863.21,264.465771,409.6187268
1588618800,8862.06,8890.99,8820.09,8846.86,234.028293,406.2779649
1588622400,8846.86,8940,8846.86,8918.22,240.6156528,397.0012174
1588626000,8918.22,8961.98,8894.27,8952.38,210.3995605,358.1373313
1588629600,8957.02,8974.34,8868.99,8882.66,761.2056518,386.3571446
1588633200,8880.38,8922.07,8838.52,8882.87,681.1948355,414.6275797
1588636800,8889.24,8935.02,8849.3,8909.36,356.2459684,418.9036581
1588640400,8913.32,8913.44,8838.86,8892.2,202.9248569,397.8086928
1588644000,8894.13,8902.06,8834.56,8865.72,105.9160358,387.6745989
1588647600,8863.49,8888,8827.81,8868.73,147.1705255,383.1168192
1588651200,8862.01,9100,8862.01,9053.68,729.1355715,401.6544668
1588654800,9067.69,9120,8997.33,9014.68,560.0677772,406.0415154
1588658400,9025.88,9067.09,8975,9034.93,310.565602,411.199502
1588662000,9031.66,9086.97,9011,9021.76,322.036001,417.3968961
1588665600,9022.31,9050,8984.19,9040.56,404.7949572,405.6044719
1588669200,9044.73,9083,8996.89,9005.93,609.5240173,405.6949016
1588672800,9001.18,9007.42,8760.1,8861.68,1318.937239,436.5923999
1588676400,8854.1,8906.78,8832.7,8858.37,356.2461714,442.4244081
1588680000,8858.39,8893.11,8826.29,8877.69,355.1422943,435.4227704
1588683600,8876.02,8966.65,8852.38,8930.63,438.052849,430.4334815
1588687200,8930.03,8940.05,8823.1,8894,559.6471717,445.1925516
1588690800,8882.47,8893.9,8835.18,8855.01,408.572969,453.9197854
1588694400,8855.5,8904.8,8828.79,8884.18,412.2405081,462.5010281
1588698000,8881.48,8936,8851.95,8883.63,373.6778492,470.6649426
1588701600,8875.81,8920.8,8859.59,8897.12,342.9210585,449.7507129
1588705200,8894.08,8945,8886,8915.35,277.294141,429.5556782
1588708800,8909.69,8977.72,8904.73,8954.7,119.5017825,417.7184689
1588712400,8954.7,9013.21,8954.7,8977.46,189.4575532,417.0451037
1588716000,8977.46,8996.32,8916.37,8984.18,480.2847025,435.763537
1588719600,8979.01,9046.29,8952.29,9034.85,211.7768605,438.9938538
1588723200,9040,9043.37,8921.03,8957.42,372.0015789,421.1371542
1588726800,8956.39,9001.79,8943.23,8993.1,146.9883541,400.483183
1588730400,8993.1,8993.1,8951.97,8981.2,60.40497371,387.9751516
1588734000,8980.76,9078.91,8959.89,8976.64,535.5361886,398.650161
1588737600,8981.73,9064.8,8966.66,9008.56,227.598934,389.7903598
1588741200,9009.51,9049.98,8988.02,9013.24,174.662234,368.0472706
1588744800,9017,9058.04,9006.73,9034,144.9486022,309.3478388
1588748400,9030.52,9058.83,9003.18,9032,272.8054203,305.1758013
1588752000,9038.2,9120,9009.99,9054.98,1015.056738,338.1715234
1588755600,9051.2,9111.97,9047.47,9102,476.2686623,340.0823141
1588759200,9108.63,9300,9079.46,9240.88,2184.607098,421.3303104
1588762800,9238.44,9364,9205.16,9330,1000.881654,450.9457447
1588766400,9327.81,9400,9232.67,9243.21,1480.50673,504.3590558
1588770000,9238.4,9290,9140.96,9236.2,1185.145364,544.9324315
1588773600,9237,9266,9198.56,9244.78,611.1733386,558.3450455
1588777200,9244.8,9303.86,9235.5,9286.86,573.5849597,573.1595865
1588780800,9281.39,9329,9238.21,9280.35,639.8813345,599.1785641
1588784400,9280.35,9300,9238.21,9274.16,381.1821312,608.764793
1588788000,9278.39,9281.18,9216.08,9255.62,330.5764407,601.2793799
1588791600,9255.42,9299.37,9241.16,9261.59,422.1777163,611.7994227
1588795200,9259.94,9268.86,9227.14,9253.29,449.5368531,615.6761864
1588798800,9246.55,9304.95,9243.95,9298.11,208.2011139,618.7368244
1588802400,9300.14,9390.81,9288.22,9372.2,724.950242,651.9640878
1588806000,9369.05,9417.95,9072.24,9154.32,1492.265151,699.8005359
1588809600,9163.63,9221.61,9030.03,9200.82,613.1565817,719.0784183
1588813200,9200.82,9259.73,9187.4,9237.4,248.7433115,722.7824722
1588816800,9228.88,9383.35,9205.03,9320.85,570.1828734,744.0441857
1588820400,9343.02,9366.37,9264.23,9302.33,290.9551802,744.9516737
1588824000,9302.33,9327.83,9257.4,9292.55,162.4177186,702.3197228
1588827600,9291.72,9322.73,9243.62,9275.8,182.5576615,687.6341727
1588831200,9282.61,9315,9251.07,9264.38,170.2449617,586.9160659
1588834800,9266.06,9327,9245.26,9316.11,147.4987854,544.2469225
1588838400,9321.67,9349.71,9279.85,9349.71,240.5518131,482.2491766
1588842000,9345.41,9345.41,9274.6,9320.3,605.5351577,453.2686663
1588845600,9325,9335,9272,9306.71,603.1610579,452.8680523
1588849200,9298.6,9318.3,9254.47,9287.25,335.2143072,440.9495196
1588852800,9295,9391,9266.17,9391,905.3626079,454.2235833
1588856400,9385,9626.77,9338.5,9495.71,2835.845886,576.956771
1588860000,9498.92,9546.27,9485.28,9503.63,961.042522,608.4800751
1588863600,9504.24,9579.87,9355.32,9532.35,1051.589895,639.950684
1588867200,9525.71,9650,9516.44,9640,1472.510418,691.0993623
1588870800,9646.7,9911,9644.74,9848.56,4944.803075,927.9294603
1588874400,9848.56,9870,9750,9802.1,1730.338592,978.1988778
1588878000,9809.25,9972.03,9809.25,9877.43,1903.350686,998.7531545
1588881600,9877,9908.91,9744.79,9808.22,1415.217323,1038.856192
1588885200,9809.2,9898.94,9757.79,9885.9,1040.245473,1078.4313
1588888800,9880.1,9939.59,9840,9908.44,781.7282129,1089.008567
1588892400,9904.86,10074,9866.17,10000,1800.646213,1164.493118
1588896000,10008.19,10048.38,9880.16,10036.2,901.3306019,1201.438762
1588899600,10036.2,10046.1,9939.6,10005.33,571.0474581,1220.863252
1588903200,9996.38,10005.21,9868.96,9912.78,615.46117,1243.124063
1588906800,9910.93,9957.5,9843.76,9938.59,642.9437327,1267.89631
1588910400,9939.33,9944,9880.16,9920.51,323.2178631,1272.029613
1588914000,9908.9,9924.79,9817.06,9881.83,512.6583307,1267.385771
1588917600,9872,9884.13,9762.34,9775.17,836.206126,1279.038025
1588921200,9770.71,9838.76,9725,9823.56,829.3518279,1303.744901
1588924800,9823.56,9915.78,9817.92,9870.53,642.7834814,1290.615944
1588928400,9869.36,9889.78,9826.96,9854.6,459.7011878,1171.808709
1588932000,9854.6,9972.07,9836.87,9966.51,552.8341198,1151.398289
1588935600,9963.38,9966.53,9890,9908.5,1090.879941,1153.362792
1588939200,9916.04,9927.9,9803.41,9836.33,1088.953906,1134.184966
1588942800,9840,9908.41,9827.08,9899,1181.11112,946.0003682
1588946400,9895.9,10015,9880.04,9978.77,1053.013433,912.1341103
1588950000,9978.79,10027.88,9926.46,9961.1,845.3013644,859.2316442
1588953600,9961.1,10011.19,9932.14,9991.13,747.048272,825.8231917
1588957200,9991.56,10000.42,9939.6,9985.28,1091.620735,828.3919548
1588960800,9984.79,9995.04,9897.95,9910,742.7947462,826.4452815
1588964400,9909.79,9984.75,9886.09,9971.15,893.5180067,781.0888711
1588968000,9965.23,10005.4,9950,10005.05,891.8936675,780.6170244
1588971600,10000,10019.67,9956.99,10019.67,279.5254694,766.040925
1588975200,10019.67,10022,9866.9,9893.78,1034.621725,786.9989528
1588978800,9885.8,9933.65,9780,9801.35,1375.665509,823.6350416
1588982400,9809.04,9890,9733.1,9879.58,1062.425714,860.5954341
1588986000,9879.58,9914,9851.62,9860,506.6850301,860.2967691
1588989600,9860,9879.44,9828.64,9860.43,328.3759561,834.9052606
1588993200,9863.06,9896.91,9858.21,9867.61,116.8187139,799.2786049
1588996800,9872.67,9883.59,9785.79,9837.07,282.1712884,781.2479953
1589000400,9831.04,9840.89,9754.36,9831.12,497.4685905,783.1363654
1589004000,9837.5,9839.03,9655.43,9695.12,684.9578005,789.7425494
1589007600,9698,9741.7,9569,9606.87,1236.060447,797.0015747
1589011200,9597.14,9698.14,9591.29,9669.89,357.3052945,760.4191442
1589014800,9674.07,9718.51,9645.25,9690.51,473.9064472,725.0589106
1589018400,9699.61,9699.61,9555,9635.63,516.0663606,698.2115569
1589022000,9631,9657.5,9519.47,9634.98,551.6617754,683.5295775
1589025600,9631.28,9691.91,9607.17,9672.33,540.3299858,673.1936632
1589029200,9669.71,9720,9622.81,9719.52,615.5656728,649.3909101
1589032800,9719.52,9719.99,9663.3,9700.04,238.1553117,624.1589384
1589036400,9701.65,9704.92,9632.65,9690.11,264.3413662,592.7001063
1589040000,9689.36,9781.06,9677.37,9763.93,486.5378149,572.4323137
1589043600,9763.93,9797.54,9735.55,9782.02,318.4260064,574.3773406
1589047200,9783.31,9794.99,9727.27,9747.62,259.5392419,535.6232164
1589050800,9748.9,9772.51,9735.75,9738.85,103.4114554,472.0105137
1589054400,9745.96,9777.94,9604.6,9650.76,513.7171049,444.5750832
1589058000,9657.4,9660,9582.49,9602.8,423.0144362,440.3915535
1589061600,9607.95,9674.9,9565.26,9604.41,413.9121432,444.6683629
1589065200,9601.81,9635.55,9515.4,9546.56,487.7797573,463.2164151
1589068800,9527.31,9565.2,8109,8711.45,7814.801109,839.8479061
1589072400,8705.04,8778.63,8557.82,8720.9,2157.225244,922.8357388
1589076000,8719.38,8722.88,8642.92,8668.9,668.4668808,922.0111928
1589079600,8661.65,8679.27,8352.34,8629.04,1896.972652,955.056803
1589083200,8627.62,8627.62,8463,8566.44,982.3150247,986.3072895
1589086800,8562.22,8663.92,8548.22,8630.44,498.9315611,987.5585452
1589090400,8628.82,8638.57,8570.89,8605.38,775.9640216,1000.553428
1589094000,8607.83,8851.02,8601.84,8830.09,1389.071886,1042.423934
1589097600,8817.15,8912,8775.96,8819.32,1343.51385,1082.583127
1589101200,8818.72,8865.05,8747.61,8760.03,664.5042264,1085.030055
1589104800,8759.7,8837.13,8697.06,8822.92,449.4760253,1095.59609
1589108400,8822.63,8822.67,8643.96,8735.28,868.0714585,1125.782595
1589112000,8733.67,8773.32,8691.92,8722.02,281.924258,1115.551917
1589115600,8716.17,8824.89,8694.75,8782.83,420.8066858,1120.670951
1589119200,8773.76,8794.82,8620.07,8671.63,779.0042817,1146.644203
1589122800,8670.48,8727.02,8585.53,8658.51,1134.272768,1198.187269
1589126400,8652.54,8695.16,8267.91,8279.42,3755.211226,1360.261975
1589130000,8279.37,8600,8267.91,8522.77,1530.954672,1415.658987
1589133600,8534.85,8567,8438.93,8496.49,291.6876179,1409.54776
1589137200,8494.11,8576.03,8490.65,8513.29,391.5561249,1404.736579
1589140800,8515.83,8788.43,8515.83,8670.75,1372.058486,1082.599448
1589144400,8680.98,8788,8680.32,8729.46,390.3095505,994.2536628
1589148000,8725.2,8805.38,8689.95,8784.28,437.6880688,982.7147222
1589151600,8784.28,8844.58,8585,8731.17,1344.641064,955.0981429
1589155200,8740.88,8815.95,8709.56,8784.22,398.9096153,925.9278724
1589158800,8784.23,8784.23,8695.16,8717.94,185.1828428,910.2404365
1589162400,8717.52,8771.91,8701.15,8753.53,176.1107061,880.2477707
1589166000,8758.38,8778.8,8668.48,8699.1,400.7924991,830.8338013
1589169600,8699.97,8719.82,8626.59,8638.55,356.6511247,781.4906651
1589173200,8631.49,8710.25,8622.45,8695.69,251.0655337,760.8187304
1589176800,8696.83,8743.46,8672,8695.99,163.155297,746.502694
1589180400,8695.96,8717.03,8630,8673.45,483.1118223,727.2547122
1589184000,8667.17,8693.5,8574.02,8645,697.0333512,748.0101669
1589187600,8640.46,8650.09,8458.05,8494.52,1056.866395,779.8131524
1589191200,8495.78,8899,8491.64,8810.75,2238.823024,852.8040895
1589194800,8810.85,8999,8750.01,8936.02,1606.47175,876.4140386
1589198400,8936.02,9182.97,8781.1,8868.99,3785.196567,877.9133057
1589202000,8868.99,8974.9,8760.88,8849,1690.705862,885.9008652
1589205600,8855.99,8943.78,8799.99,8868.99,1995.135943,971.0732814
1589209200,8874.01,8968.74,8807.3,8892.86,1132.108368,1008.100894
1589212800,8894.61,8933.06,8366,8612.8,3215.728334,1100.284386
1589216400,8612.18,8676.28,8431.76,8509.83,2676.213633,1214.57959
1589220000,8511.81,8657,8181,8606.21,5875.003708,1486.445372
1589223600,8600.52,8772.3,8418.36,8759.28,3139.048677,1576.165753
1589227200,8752.71,8821.83,8582.72,8642.59,1263.789073,1619.409726
1589230800,8640.92,8705.6,8472.16,8593.11,583.190574,1639.310112
1589234400,8592.11,8649.39,8524.39,8608.11,456.4140144,1653.325278
1589238000,8608.51,8650,8501.87,8571.98,638.4778575,1665.209545
1589241600,8574.19,8683.64,8534.97,8614.47,751.675229,1684.960751
1589245200,8619,8647.43,8567.04,8619.68,441.890349,1694.501991
1589248800,8625.37,8691.29,8601,8643.22,395.1001542,1706.099234
1589252400,8643.22,8740,8637.71,8715.85,464.1079562,1705.149041
1589256000,8715.85,8752.77,8665.1,8704.39,356.9902061,1688.146884
1589259600,8702.43,8784.28,8702.43,8736.69,373.9938428,1654.003256
1589263200,8739.57,8770.59,8653.97,8698.59,334.6040615,1558.792308
1589266800,8709.42,8722.07,8620.7,8663.98,307.4704039,1493.842241
1589270400,8656.22,8769.62,8637.99,8758.29,750.2366574,1342.094245
1589274000,8750.46,8834.8,8745.92,8794.47,820.6699397,1298.592449
1589277600,8795.06,8827.36,8732.14,8781.15,701.0718671,1233.889245
1589281200,8784.94,8816.2,8731.75,8809.64,610.6032691,1207.81399
1589284800,8809.9,8826.12,8735,8779.37,296.1485086,1061.834999
1589288400,8773.15,8784.28,8651.62,8736.13,811.1364069,968.5811378
1589292000,8736.13,8931.6,8736.13,8891.97,1467.794477,748.2206762
1589295600,8897.74,8949.15,8858.36,8880.66,945.4591382,638.5411993
1589299200,8873.41,8965.26,8873.41,8934.37,772.0769219,613.9555917
1589302800,8934.37,8984.87,8836.87,8878.71,937.1552249,631.6538243
1589306400,8890.79,8919.05,8842.43,8908.1,354.0453892,626.535393
1589310000,8908.1,8938.42,8777.55,8800.6,633.9216123,626.3075808
1589313600,8800.72,8849.27,8771.77,8817.13,559.1204163,616.6798401
1589317200,8825.25,8860.57,8746.81,8779.02,391.716283,614.1711368
1589320800,8783.41,8837.13,8748.45,8820.11,302.7986763,609.5560629
1589324400,8815.08,8853.04,8787.64,8825.46,230.4742147,597.8743759
1589328000,8816.99,8951.56,8804.47,8945.21,515.301069,605.789919
1589331600,8945.21,8965.36,8898.49,8950.32,327.3222337,603.4563385
1589335200,8952.26,8982.25,8890.29,8945.8,345.3736269,603.9948168
1589338800,8945.85,8963.2,8898.27,8913.07,313.3498332,604.2887883
1589342400,8913.13,8942.17,8878.35,8933.06,299.8958083,581.7717458
1589346000,8929.83,8943.78,8874.2,8879.67,248.8363426,553.180066
1589349600,8884.88,8927,8873.32,8917,164.2763664,526.3402909
1589353200,8922.17,8924.39,8863.67,8880.64,326.6917227,512.1447136
1589356800,8870,8920.26,8830.91,8911,414.5213017,518.0633533
1589360400,8915,8938.42,8897.22,8918.45,328.4880197,493.9309339
1589364000,8924.99,8969,8900.31,8955.42,217.6479974,431.4236099
1589367600,8962.96,9056.45,8933.01,9042.44,834.3142581,425.8663659
1589371200,9044.94,9115.81,8992.6,9094.88,1060.487299,440.2868848
1589374800,9106.36,9128.05,9047.39,9085.65,619.2689214,424.3925696
1589378400,9090,9145,9044.66,9093.55,748.7268466,444.1266425
1589382000,9094.95,9195,9090.87,9147,936.1529761,459.2382107
1589385600,9147.39,9176.64,9057.15,9122.58,808.1158729,471.6879835
1589389200,9121.58,9128.03,9057.15,9093,306.1521371,467.4097762
1589392800,9100.45,9120.97,9078.2,9083.5,376.4888542,471.0942851
1589396400,9083.5,9171.96,9082.07,9163.33,535.5652203,486.3488354
1589400000,9160.79,9345,9155,9294.99,1097.065069,515.4370354
1589403600,9304.61,9418.46,9268.82,9369.3,853.9781771,541.7698325
1589407200,9359.67,9380.71,9273.54,9324.62,781.9097138,563.5966369
1589410800,9332.07,9365.39,9300,9315.5,302.9219496,563.0752427
1589414400,9323.73,9394.12,9293.79,9304.17,338.1920059,564.9900526
1589418000,9311.96,9337.37,9266.39,9275.35,302.7615075,567.6863108
1589421600,9271.78,9341.04,9254.85,9338.93,212.3612001,570.0905525
1589425200,9338.13,9360.88,9311.11,9352.1,180.3328514,562.772609
1589428800,9358.44,9358.44,9301.33,9316.27,157.5317127,549.9231295
1589432400,9316.27,9460.3,9269.44,9443.84,596.0956381,563.3035104
1589436000,9440.73,9480.84,9406.21,9451.66,548.2379678,579.8330089
1589439600,9451.66,9554.46,9419.02,9515.41,717.9416881,574.0143804
1589443200,9508.64,9657.61,9484.2,9614.22,734.85068,557.7325495
1589446800,9620.66,9828.05,9613.18,9811.98,2146.286714,634.0834391
1589450400,9811.98,9945.34,9582.6,9652.99,3344.67486,763.8808398
1589454000,9650,9776.66,9650,9677.92,846.5829744,759.4023397
1589457600,9684.4,9714.09,9519.53,9591.99,1062.215072,772.1072996
1589461200,9586.27,9651.63,9531.48,9628.58,529.5005477,783.2747202
1589464800,9622.39,9766,9606.45,9704.56,1024.343886,815.6674717
1589468400,9708.14,9767.51,9661.47,9754.94,429.5694228,810.3676819
1589472000,9751.78,9793.37,9611.27,9678.81,855.2451301,798.2766849
1589475600,9682.86,9682.87,9578,9617.35,556.9761908,783.4265856
1589479200,9617.95,9686.84,9583.02,9676.19,342.6087041,761.4615351
1589482800,9676.23,9724.35,9651.71,9662.11,572.9483208,774.9628537
1589486400,9664.07,9870,9602.9,9652.83,1992.497,857.6781034
1589490000,9657.5,9785.79,9611.3,9784.18,934.5961317,889.2698346
1589493600,9784.89,9822.12,9715,9753.75,1063.316205,931.8175848
1589497200,9758.28,9856.18,9734.55,9793.5,446.5190456,945.1268945
1589500800,9809.91,9844.66,9714.14,9767.57,535.9324081,964.0469293
1589504400,9776.03,9776.03,9723.04,9744.86,146.4467236,941.5644836
1589508000,9741.87,9744.12,9215.65,9495.03,2800.924914,1054.198831
1589511600,9490.97,9560.21,9433.33,9475.26,493.9291589,1042.998204
1589515200,9475.26,9508.06,9430,9442.71,312.4221734,1021.876779
1589518800,9435.39,9520.13,9358.83,9505.95,737.7984708,951.4523669
1589522400,9501.08,9553.24,9496.45,9550.97,434.057868,805.9215173
1589526000,9548.39,9725.05,9541.14,9681.29,900.8278657,808.6337619
1589529600,9669.45,9711.39,9602.59,9615.61,744.0481229,792.7254145
1589533200,9604.73,9657.5,9545.36,9622.2,642.6786736,798.3843208
1589536800,9613.1,9628.95,9460.32,9582.49,593.8566751,776.8599602
1589540400,9589.01,9655.18,9553.8,9588.5,312.1690471,770.9899414
1589544000,9588.5,9588.5,9498.27,9513.78,670.9338097,761.7743754
1589547600,9508.93,9571,9479.83,9533.96,560.8581263,761.9684722
1589551200,9538.07,9614.52,9538.07,9566.75,343.1596869,761.9960213
1589554800,9562.79,9562.79,9411.6,9467.73,1724.470472,819.5721289
1589558400,9467.72,9516.2,9440,9470.84,1034.291395,771.6618486
1589562000,9463.58,9499.51,9440,9466.11,156.7194941,732.7680167
1589565600,9476.74,9530.9,9469.53,9480.66,203.9045149,689.7974322
1589569200,9483.77,9510.94,9312.27,9327.18,1595.245606,747.2337603
1589572800,9321.72,9400.32,9112,9250.19,1314.563367,786.1653082
1589576400,9239.06,9444,9199.84,9421.71,360.9178388,796.888864
1589580000,9414.6,9485.28,9332.92,9362.6,358.961667,674.7907016
1589583600,9364.68,9390.73,9250,9306.21,345.0160854,667.3450479
1589587200,9307.43,9400.47,9216.08,9394.68,475.6350856,675.5056936
1589590800,9388.13,9440,9360.93,9405.44,248.5121076,651.0413754
1589594400,9416.4,9456.87,9379.59,9428.26,101.2915271,634.4030584
1589598000,9432.76,9451.08,9385.6,9410.78,94.47061245,594.0851957
1589601600,9406.15,9502.36,9400,9494.57,183.4349336,566.0545362
1589605200,9494.02,9590,9439.99,9453.98,929.3339708,580.3873011
1589608800,9461.1,9479.49,9406.59,9468,215.4343104,561.4661829
1589612400,9468,9502.36,9372.16,9383.42,280.2592714,559.8706941
1589616000,9377.8,9431.29,9344.71,9427.98,177.4827834,535.1981427
1589619600,9418.49,9428.56,9329.13,9414.01,242.8228328,519.2963781
1589623200,9420.16,9457,9367.21,9448.53,117.9234949,508.0345685
1589626800,9451.95,9454.42,9376.9,9414.99,135.7412014,428.598105
1589630400,9408.87,9504.27,9401.89,9473.89,307.6569199,392.2663812
1589634000,9474.43,9531.83,9421.04,9457.24,522.5881304,410.559813
1589637600,9457.24,9494.16,9393.2,9433.24,307.3745342,415.733314
1589641200,9433.23,9435.09,9333.36,9373.96,437.0283084,357.8224491
1589644800,9379.18,9406.83,9314,9380.83,226.0284951,303.3957055
1589648400,9380.65,9400.32,9291,9311.6,228.0295966,296.7512934
1589652000,9311.91,9343.48,9255.24,9277.37,291.6814998,293.3872851
1589655600,9276.69,9350.51,9257.8,9330.14,134.0433425,282.8386479
1589659200,9330.14,9395.08,9296,9384.68,148.2779141,266.4707893
1589662800,9387.34,9421.32,9351.29,9377.21,98.44472867,258.9674204
1589666400,9379.74,9443.02,9360.94,9418.83,126.8671549,260.2462018
1589670000,9418.81,9435.18,9368.24,9389.07,139.7333413,262.5093382
1589673600,9377.79,9521.66,9326.53,9474.72,442.5380597,275.4644945
1589677200,9479.08,9522.8,9434.21,9479.15,203.6954083,239.1825664
1589680800,9480.18,9555,9476.13,9508.33,171.3097242,236.9763371
1589684400,9515,9574,9496.68,9536.42,112.0222119,228.5644841
1589688000,9550,9565.26,9502.48,9504.83,106.9438023,225.0375351
1589691600,9519,9531.17,9469.28,9495.37,91.71228925,217.4820079
1589695200,9498.46,9553.8,9493.01,9545.51,100.4360412,216.6076352
1589698800,9545.51,9568.78,9504.98,9545,165.1151676,218.0763335
1589702400,9536.81,9553.8,9475.79,9480.92,146.3635128,210.0116632
1589706000,9491.34,9507.17,9450,9485.59,79.53164942,187.8588391
1589709600,9486.18,9537.03,9486.18,9528.56,51.19195521,175.0497102
1589713200,9528.56,9537.03,9490.77,9519.92,61.67488627,156.2820391
1589716800,9522.49,9780,9522.49,9769.91,1744.530329,232.2071308
1589720400,9769.91,9796.82,9695.75,9748.29,648.9442696,253.2528644
1589724000,9752.32,9831,9724.56,9816.45,935.330365,285.4353077
1589727600,9816.1,9894.88,9766.11,9826.22,1463.375423,351.9019117
1589731200,9831.54,9849.97,9707,9747.25,550.7574611,372.0258891
1589734800,9738.85,9780.19,9715.22,9770.62,543.54426,394.2808656
1589738400,9765.01,9767.56,9703.12,9750.61,280.8663984,401.9808278
1589742000,9751.48,9794.95,9727.76,9766.75,337.0142155,411.8448715
1589745600,9767.28,9767.28,9721.44,9737,194.0157294,399.418755
1589749200,9740.59,9791.17,9733.1,9758.77,313.3209252,404.9000309
1589752800,9760.55,9767.61,9589.54,9684.98,575.9401051,425.1315499
1589756400,9684.45,9729.98,9652.03,9665.7,195.6193902,429.3114088
1589760000,9672.95,9784.52,9672.95,9772.61,197.859573,433.8571973
1589763600,9769.85,9966.12,9758.75,9898.93,1969.608607,527.7520132
1589767200,9907.01,9933.18,9832.02,9869.31,941.9445301,569.8274377
1589770800,9863.27,9891.74,9811.88,9862.02,551.7552192,589.1594403
